pid,name,brand,url,price,old_price,in_stock,labels,scraped_at
50321,"100% Whey Gold Standard - 2,27 кг",Optimum Nutrition,https://belok.ua/ua/100-whey-gold-standard/,4999.0,5555.0,True,-10% | В наявності,2026-09-09 15:25
52527,Whey-Pro FUSION - 1 кг,Amix,https://belok.ua/ua/whey-pro-fusion-1000-g-banana-1/,2157.0,,True,В наявності | Хіт продажу,2026-09-09 15:25
53716,100% Standard Whey - 2 кг,Sporter,https://belok.ua/ua/100-standart-whey/,2999.0,,True,В наявності | Хіт продажу,2026-09-09 15:25
53732,100% Isolate - 700 г,Sporter,https://belok.ua/ua/100-isolate/,1598.0,,True,В наявності | Хіт продажу,2026-09-09 15:25
52331,"Whey Protein - 2,2 кг",Rule 1,https://belok.ua/ua/whey-blend-462-g-vanilnyj-krem-1/,3789.0,,True,В наявності,2026-09-09 15:25
52330,Whey Protein - 890 г,Rule 1,https://belok.ua/ua/whey-blend-462-g-vanilnyj-krem-1/,2098.0,,True,В наявності,2026-09-09 15:25
53731,"100% Isolate - 1,8 кг",Sporter,https://belok.ua/ua/100-isolate/,3299.0,,True,В наявності | Хіт продажу,2026-09-09 15:25
50320,100% Whey Gold Standard - 909 г,Optimum Nutrition,https://belok.ua/ua/100-whey-gold-standard/,2259.0,2526.0,True,-11% | В наявності,2026-09-09 15:25
52917,Whey Protein - 34 г,Rule 1,https://belok.ua/ua/whey-blend-462-g-vanilnyj-krem-1/,95.0,,True,В наявності,2026-09-09 15:25
39681,Protein Shot - 60 мл - апельсин,Nutrend,https://belok.ua/ua/protein-shot-60-ml-120-apelsin/,95.0,,True,В наявності,2026-09-09 15:25
50613,Femine-PRO - 1 кг,Power Pro,https://belok.ua/ua/power-pro-femine-pro/,1845.0,,True,В наявності,2026-09-09 15:25
52526,Whey-Pro FUSION - 30 г,Amix,https://belok.ua/ua/whey-pro-fusion-1000-g-banana-1/,85.0,,True,В наявності,2026-09-09 15:25
52985,Iso Whey ProZero - 500 г,Nutrend,https://belok.ua/ua/iso-whey-prozero-2250-g-bilij-shokolad-1/,1588.0,,True,В наявності,2026-09-09 15:25
53975,"100% Whey Protein, 800 г",Nutrend,https://belok.ua/ua/100-whey-protein-1000-g-vanil-1/,1799.0,,True,В наявності,2026-09-09 15:25
54104,"Protein Whey Isolate, 660 г",Rule 1,https://belok.ua/ua/protein-480-g-shokolad-1/,2335.0,,True,В наявності | Новинки,2026-09-09 15:25
52337,"R1 Casein - 1,8 кг",Rule 1,https://belok.ua/ua/casein-948-g-shokolad-1/,3498.0,,True,В наявності,2026-09-09 15:25
52789,"Anabolic Monster Beef Protein - 2,2 кг",Amix,https://belok.ua/ua/anabolic-monster-beef-protein-1000-g-forest-fruits-1/,2898.0,,True,В наявності,2026-09-09 15:25
32263,Whey Protein - 462 г - Ванільний крем,Rule 1,https://belok.ua/ua/whey-blend-462-g-vanilnyj-krem/,1235.0,,True,В наявності,2026-09-09 15:25
53068,100% Whey Protein - 2250 г,Nutrend,https://belok.ua/ua/100-whey-protein-1000-g-vanil-1/,4498.0,,True,В наявності,2026-09-09 15:25
52503,GreenDay Vege Fiit Protein - 720 г,Amix,https://belok.ua/ua/greenday-vege-fiit-protein-720-g-double-chocolate-1/,1075.0,,True,В наявності,2026-09-09 15:25
52842,IsoPrime CFM - 2 кг,Amix,https://belok.ua/ua/isoprime-cfm-500g-cookies-cream-1/,5588.0,,True,В наявності,2026-09-09 15:25
39636,Soy Protein Isolate - 390 г,Ostrovit,https://belok.ua/ua/soy-protein-isolate-390-g/,325.0,,True,В наявності,2026-09-09 15:25
50612,Protein MIX - 1 кг,Power Pro,https://belok.ua/ua/power-pro-protein-mix/,1750.0,,True,В наявності,2026-09-09 15:25
52506,Amix Gold Whey Protein Isolate - 2280 г,Amix,https://belok.ua/ua/gold-whey-protein-isolate-2280-g-banana-1/,5799.0,,True,В наявності,2026-09-09 15:25
52749,IsoPrime CFM - 1 кг,Amix,https://belok.ua/ua/isoprime-cfm-500g-cookies-cream-1/,2997.0,,True,В наявності,2026-09-09 15:25
53829,HydroBeef® Protein - 1000 г,Amix,https://belok.ua/ua/hydrobeef-protein/,1599.0,,True,В наявності,2026-09-09 15:25
54125,"Source 7 Protein, 41 г",Rule 1,https://belok.ua/ua/source-7-protein/,59.0,,True,В наявності | Новинки,2026-09-09 15:25
54070,"HydroBeef High Class Protein, 2000 г",Amix,https://belok.ua/ua/hydrobeef-protein/,2977.0,,True,В наявності,2026-09-09 15:25
52305,Vegan Protein - 500 г,IronMaxx,https://belok.ua/ua/vegan-protein-500-g-paket-shokolad-1/,897.0,,True,В наявності,2026-09-09 15:25
54124,"Source 7 Protein, 1800 г",Rule 1,https://belok.ua/ua/source-7-protein/,3268.0,,True,В наявності | Новинки,2026-09-09 15:25
53310,Clear BEEF Protein - 1 кг - чорна смородина - ківі,Sporter,https://belok.ua/ua/clear-beef-protein-1-kg-chorna-smorodina-kivi/,1140.0,,True,В наявності,2026-09-09 15:25
54123,"Source 7 Protein, 820 г",Rule 1,https://belok.ua/ua/source-7-protein/,1555.0,,True,В наявності | Новинки,2026-09-09 15:25
52106,100% Whey Protein - 2350 г,IronMaxx,https://belok.ua/ua/100-whey-protein-2350-gr-banka-francuzskaya-vanil-1/,4999.0,,False,,2026-09-09 15:25
52528,Whey-Pro FUSION - 500 г,Amix,https://belok.ua/ua/whey-pro-fusion-1000-g-banana-1/,1155.0,,False,Хіт продажу,2026-09-09 15:25
53717,100% Standard Whey - 900 г,Sporter,https://belok.ua/ua/100-standart-whey/,1579.0,,False,Хіт продажу,2026-09-09 15:25
52327,"Whey Isolate - 2,3 кг",Rule 1,https://belok.ua/ua/protein-480-g-shokolad-1/,6497.0,,False,,2026-09-09 15:25
50357,"Platinum Hydrowhey - 1,59 кг",Optimum Nutrition,https://belok.ua/ua/optimum-nutrition-platinum-hydrowhey/,5300.0,,False,,2026-09-09 15:25
52326,Whey Isolate - 899 г,Rule 1,https://belok.ua/ua/protein-480-g-shokolad-1/,2799.0,,False,,2026-09-09 15:25
53071,100% Whey Protein - 30 г,Nutrend,https://belok.ua/ua/100-whey-protein-1000-g-vanil-1/,95.0,,False,,2026-09-09 15:25
53933,Soy Isolate - 1кг - шоколад,Sporter,https://belok.ua/ua/soy-isolate-1kg-shokolad/,738.0,,False,,2026-09-09 15:25
53777,Whey Core - 1800 г,Nutrend,https://belok.ua/ua/whey-core/,2885.0,,False,,2026-09-09 15:25
52107,100% Whey Protein - 900 г,IronMaxx,https://belok.ua/ua/100-whey-protein-2350-gr-banka-francuzskaya-vanil-1/,2248.0,,False,Хіт продажу,2026-09-09 15:25
53067,100% Whey Protein - 1000 г,Nutrend,https://belok.ua/ua/100-whey-protein-1000-g-vanil-1/,1899.0,,False,,2026-09-09 15:25
52790,Anabolic Monster Beef Protein - 33 г,Amix,https://belok.ua/ua/anabolic-monster-beef-protein-1000-g-forest-fruits-1/,79.0,,False,,2026-09-09 15:25
53779,Whey Core - 900 г,Nutrend,https://belok.ua/ua/whey-core/,1575.0,,False,,2026-09-09 15:25
53467,Ultra Premium Whey Protein Build - 34 г,Everbuild Nutrition,https://belok.ua/ua/ultra-premium-whey-protein-build/,55.0,,False,,2026-09-09 15:25
52532,ZeroPro Protein - 1 кг,Amix,https://belok.ua/ua/zeropro-protein-1000-g-creamy-vanilla-cheescake-1/,2595.0,,False,,2026-09-09 15:25
50043,"Syntha-6 - 2,27 кг",BSN,https://belok.ua/ua/bsn-syntha-6/,3985.0,,False,,2026-09-09 15:25
52533,ZeroPro Protein - 2 кг,Amix,https://belok.ua/ua/zeropro-protein-1000-g-creamy-vanilla-cheescake-1/,4999.0,,False,,2026-09-09 15:25
52993,Whey 100% Protein - 1 кг,Sporter,https://belok.ua/ua/whey-100-protein-1-kg-polunicya-1/,1658.0,,False,,2026-09-09 15:25
52994,Whey 100% Protein (lactose free) - 1 кг,Sporter,https://belok.ua/ua/whey-100-protein-1-kg-vanil-lactose-free-1/,1699.0,,False,,2026-09-09 15:25
53836,100% Whey Protein - 700 г,Ostrovit,https://belok.ua/ua/100-whey-protein/,999.0,,False,,2026-09-09 15:25
52757,AmixPro Micelle HD Casein - 700 г,Amix,https://belok.ua/ua/amixpro-micelle-hd-casein-700-g-2/,1199.0,,False,,2026-09-09 15:25
52108,100% Whey Protein - 500 г,IronMaxx,https://belok.ua/ua/100-whey-protein-2350-gr-banka-francuzskaya-vanil-1/,1097.0,,False,Хіт продажу,2026-09-09 15:25
50338,"100% Gold Standard Casein - 1,8 кг",Optimum Nutrition,https://belok.ua/ua/optimum-nutrition-100-gold-standard-casein/,3698.0,,False,,2026-09-09 15:25
52984,Iso Whey ProZero - 2250 г,Nutrend,https://belok.ua/ua/iso-whey-prozero-2250-g-bilij-shokolad-1/,4359.0,,False,,2026-09-09 15:25
50042,"Syntha-6 - 1,32 кг",BSN,https://belok.ua/ua/bsn-syntha-6/,2448.0,,False,,2026-09-09 15:25
50337,100% Gold Standard Casein - 850 грам,Optimum Nutrition,https://belok.ua/ua/optimum-nutrition-100-gold-standard-casein/,2099.0,,False,,2026-09-09 15:25
52531,ZeroPro Protein - 35 г,Amix,https://belok.ua/ua/zeropro-protein-1000-g-creamy-vanilla-cheescake-1/,110.0,,False,,2026-09-09 15:25
53596,Whey Isolate - 480 г,Rule 1,https://belok.ua/ua/protein-480-g-shokolad-1/,1449.0,,False,,2026-09-09 15:25
53469,Ultra Premium Whey Protein Build - 908 г,Everbuild Nutrition,https://belok.ua/ua/ultra-premium-whey-protein-build/,1377.0,,False,Хіт продажу,2026-09-09 15:25
53380,Micellar Casein Build - 908 г,Everbuild Nutrition,https://belok.ua/ua/micellar-casein-build-1816-g-shokolad-1/,1245.0,,False,,2026-09-09 15:25
53487,Whey Protein Build 2.0 - 500 г,Everbuild Nutrition,https://belok.ua/ua/whey-protein-build-20-2270-g-solona-karamel/,759.0,,False,,2026-09-09 15:25
53443,Ultra Hydrolezed ISO Build - 2270 г,Everbuild Nutrition,https://belok.ua/ua/iso-build-protein-isolate-28-g-pechivokrem/,4099.0,,False,Хіт продажу,2026-09-09 15:25
53445,Ultra Hydrolezed ISO Build - 454 г,Everbuild Nutrition,https://belok.ua/ua/iso-build-protein-isolate-28-g-pechivokrem/,999.0,,False,,2026-09-09 15:25
53468,Ultra Premium Whey Protein Build - 2271 г,Everbuild Nutrition,https://belok.ua/ua/ultra-premium-whey-protein-build/,2658.0,,False,Хіт продажу,2026-09-09 15:25
53378,Micellar Casein Build - 1816 г,Everbuild Nutrition,https://belok.ua/ua/micellar-casein-build-1816-g-shokolad-1/,2335.0,,False,,2026-09-09 15:25
53470,Ultra Premium Whey Protein Build - 454 г,Everbuild Nutrition,https://belok.ua/ua/ultra-premium-whey-protein-build/,788.0,,False,,2026-09-09 15:25
53442,Ultra Hydrolezed ISO Build - 28 г,Everbuild Nutrition,https://belok.ua/ua/iso-build-protein-isolate-28-g-pechivokrem/,67.0,,False,,2026-09-09 15:25
53488,Whey Protein Build 2.0 - 1000 г,Everbuild Nutrition,https://belok.ua/ua/whey-protein-build-20-2270-g-solona-karamel/,1245.0,,False,,2026-09-09 15:25
53444,Ultra Hydrolezed ISO Build - 908 г,Everbuild Nutrition,https://belok.ua/ua/iso-build-protein-isolate-28-g-pechivokrem/,1799.0,,False,Хіт продажу,2026-09-09 15:25
32859,Whey Protein - 455 г - Шоколад,Rule 1,https://belok.ua/ua/r1-whey-blend-476-g-shokolad/,1235.0,,True,В наявності,2026-09-09 15:25
53069,100% Whey Protein - 400 г,Nutrend,https://belok.ua/ua/100-whey-protein-1000-g-vanil-1/,939.0,,True,В наявності,2026-09-09 15:25
50614,Whey Protein - 1 кг,Power Pro,https://belok.ua/ua/power-pro-whey-protein/,1810.0,,True,В наявності,2026-09-09 15:25
52336,R1 Casein - 0.9 кг,Rule 1,https://belok.ua/ua/casein-948-g-shokolad-1/,1975.0,,True,В наявності,2026-09-09 15:25
52788,Anabolic Monster Beef Protein - 1 кг,Amix,https://belok.ua/ua/anabolic-monster-beef-protein-1000-g-forest-fruits-1/,1555.0,,True,В наявності,2026-09-09 15:25
52529,"Whey-Pro FUSION - 2,3 кг",Amix,https://belok.ua/ua/whey-pro-fusion-1000-g-banana-1/,4549.0,,True,В наявності | Хіт продажу,2026-09-09 15:25
54109,"Protein Whey Isolate, 1350 г",Rule 1,https://belok.ua/ua/protein-480-g-shokolad-1/,4435.0,,True,В наявності | Новинки,2026-09-09 15:25
52359,Whey Isolate  - 29 г,Rule 1,https://belok.ua/ua/r1-protein-29-g/,115.0,,True,В наявності,2026-09-09 15:25
52504,Amix Gourmet Protein - 1 кг,Amix,https://belok.ua/ua/gourmet-protein-1000g-strawberry-white-choco-1/,1855.0,,False,,2026-09-09 15:25
53778,Whey Core - 32 г,Nutrend,https://belok.ua/ua/whey-core/,78.0,,False,,2026-09-09 15:25
52530,IsoPrime CFM - 500 г,Amix,https://belok.ua/ua/isoprime-cfm-500g-cookies-cream-1/,1649.0,,False,,2026-09-09 15:25
50321,"100% Whey Gold Standard - 2,27 кг",Optimum Nutrition,https://belok.ua/ua/100-whey-gold-standard/,4999.0,5555.0,True,-10% | В наявності,2026-09-09 15:40
52527,Whey-Pro FUSION - 1 кг,Amix,https://belok.ua/ua/whey-pro-fusion-1000-g-banana-1/,2157.0,,True,В наявності | Хіт продажу,2026-09-09 15:40
53716,100% Standard Whey - 2 кг,Sporter,https://belok.ua/ua/100-standart-whey/,2999.0,,True,В наявності | Хіт продажу,2026-09-09 15:40
53732,100% Isolate - 700 г,Sporter,https://belok.ua/ua/100-isolate/,1598.0,,True,В наявності | Хіт продажу,2026-09-09 15:40
52330,Whey Protein - 890 г,Rule 1,https://belok.ua/ua/whey-blend-462-g-vanilnyj-krem-1/,2098.0,,True,В наявності,2026-09-09 15:40
52331,"Whey Protein - 2,2 кг",Rule 1,https://belok.ua/ua/whey-blend-462-g-vanilnyj-krem-1/,3789.0,,True,В наявності,2026-09-09 15:40
53731,"100% Isolate - 1,8 кг",Sporter,https://belok.ua/ua/100-isolate/,3299.0,,True,В наявності | Хіт продажу,2026-09-09 15:40
50320,100% Whey Gold Standard - 909 г,Optimum Nutrition,https://belok.ua/ua/100-whey-gold-standard/,2259.0,2526.0,True,-11% | В наявності,2026-09-09 15:40
52503,GreenDay Vege Fiit Protein - 720 г,Amix,https://belok.ua/ua/greenday-vege-fiit-protein-720-g-double-chocolate-1/,1075.0,,True,В наявності,2026-09-09 15:40
52842,IsoPrime CFM - 2 кг,Amix,https://belok.ua/ua/isoprime-cfm-500g-cookies-cream-1/,5588.0,,True,В наявності,2026-09-09 15:40
39636,Soy Protein Isolate - 390 г,Ostrovit,https://belok.ua/ua/soy-protein-isolate-390-g/,325.0,,True,В наявності,2026-09-09 15:40
50612,Protein MIX - 1 кг,Power Pro,https://belok.ua/ua/power-pro-protein-mix/,1750.0,,True,В наявності,2026-09-09 15:40
52506,Amix Gold Whey Protein Isolate - 2280 г,Amix,https://belok.ua/ua/gold-whey-protein-isolate-2280-g-banana-1/,5799.0,,True,В наявності,2026-09-09 15:40
52749,IsoPrime CFM - 1 кг,Amix,https://belok.ua/ua/isoprime-cfm-500g-cookies-cream-1/,2997.0,,True,В наявності,2026-09-09 15:40
50614,Whey Protein - 1 кг,Power Pro,https://belok.ua/ua/power-pro-whey-protein/,1810.0,,True,В наявності,2026-09-09 15:40
52336,R1 Casein - 0.9 кг,Rule 1,https://belok.ua/ua/casein-948-g-shokolad-1/,1975.0,,True,В наявності,2026-09-09 15:40
52788,Anabolic Monster Beef Protein - 1 кг,Amix,https://belok.ua/ua/anabolic-monster-beef-protein-1000-g-forest-fruits-1/,1555.0,,True,В наявності,2026-09-09 15:40
52529,"Whey-Pro FUSION - 2,3 кг",Amix,https://belok.ua/ua/whey-pro-fusion-1000-g-banana-1/,4549.0,,True,В наявності | Хіт продажу,2026-09-09 15:40
54109,"Protein Whey Isolate, 1350 г",Rule 1,https://belok.ua/ua/protein-480-g-shokolad-1/,4435.0,,True,В наявності | Новинки,2026-09-09 15:40
52359,Whey Isolate  - 29 г,Rule 1,https://belok.ua/ua/r1-protein-29-g/,115.0,,True,В наявності,2026-09-09 15:40
32859,Whey Protein - 455 г - Шоколад,Rule 1,https://belok.ua/ua/r1-whey-blend-476-g-shokolad/,1235.0,,True,В наявності,2026-09-09 15:40
53069,100% Whey Protein - 400 г,Nutrend,https://belok.ua/ua/100-whey-protein-1000-g-vanil-1/,939.0,,True,В наявності,2026-09-09 15:40
52917,Whey Protein - 34 г,Rule 1,https://belok.ua/ua/whey-blend-462-g-vanilnyj-krem-1/,95.0,,True,В наявності,2026-09-09 15:40
39681,Protein Shot - 60 мл - апельсин,Nutrend,https://belok.ua/ua/protein-shot-60-ml-120-apelsin/,95.0,,True,В наявності,2026-09-09 15:40
50613,Femine-PRO - 1 кг,Power Pro,https://belok.ua/ua/power-pro-femine-pro/,1845.0,,True,В наявності,2026-09-09 15:40
52526,Whey-Pro FUSION - 30 г,Amix,https://belok.ua/ua/whey-pro-fusion-1000-g-banana-1/,85.0,,True,В наявності,2026-09-09 15:40
52985,Iso Whey ProZero - 500 г,Nutrend,https://belok.ua/ua/iso-whey-prozero-2250-g-bilij-shokolad-1/,1588.0,,True,В наявності,2026-09-09 15:40
53975,"100% Whey Protein, 800 г",Nutrend,https://belok.ua/ua/100-whey-protein-1000-g-vanil-1/,1799.0,,True,В наявності,2026-09-09 15:40
54123,"Source 7 Protein, 820 г",Rule 1,https://belok.ua/ua/source-7-protein/,1555.0,,True,В наявності | Новинки,2026-09-09 15:40
53829,HydroBeef® Protein - 1000 г,Amix,https://belok.ua/ua/hydrobeef-protein/,1599.0,,True,В наявності,2026-09-09 15:40
54125,"Source 7 Protein, 41 г",Rule 1,https://belok.ua/ua/source-7-protein/,59.0,,True,В наявності | Новинки,2026-09-09 15:40
54070,"HydroBeef High Class Protein, 2000 г",Amix,https://belok.ua/ua/hydrobeef-protein/,2977.0,,True,В наявності,2026-09-09 15:40
54124,"Source 7 Protein, 1800 г",Rule 1,https://belok.ua/ua/source-7-protein/,3268.0,,True,В наявності | Новинки,2026-09-09 15:40
52305,Vegan Protein - 500 г,IronMaxx,https://belok.ua/ua/vegan-protein-500-g-paket-shokolad-1/,897.0,,True,В наявності,2026-09-09 15:40
53310,Clear BEEF Protein - 1 кг - чорна смородина - ківі,Sporter,https://belok.ua/ua/clear-beef-protein-1-kg-chorna-smorodina-kivi/,1140.0,,True,В наявності,2026-09-09 15:40
52106,100% Whey Protein - 2350 г,IronMaxx,https://belok.ua/ua/100-whey-protein-2350-gr-banka-francuzskaya-vanil-1/,4999.0,,False,,2026-09-09 15:40
52528,Whey-Pro FUSION - 500 г,Amix,https://belok.ua/ua/whey-pro-fusion-1000-g-banana-1/,1155.0,,False,Хіт продажу,2026-09-09 15:40
53717,100% Standard Whey - 900 г,Sporter,https://belok.ua/ua/100-standart-whey/,1579.0,,False,Хіт продажу,2026-09-09 15:40
52327,"Whey Isolate - 2,3 кг",Rule 1,https://belok.ua/ua/protein-480-g-shokolad-1/,6497.0,,False,,2026-09-09 15:40
50357,"Platinum Hydrowhey - 1,59 кг",Optimum Nutrition,https://belok.ua/ua/optimum-nutrition-platinum-hydrowhey/,5300.0,,False,,2026-09-09 15:40
53778,Whey Core - 32 г,Nutrend,https://belok.ua/ua/whey-core/,78.0,,False,,2026-09-09 15:40
52530,IsoPrime CFM - 500 г,Amix,https://belok.ua/ua/isoprime-cfm-500g-cookies-cream-1/,1649.0,,False,,2026-09-09 15:40
52326,Whey Isolate - 899 г,Rule 1,https://belok.ua/ua/protein-480-g-shokolad-1/,2799.0,,False,,2026-09-09 15:40
53071,100% Whey Protein - 30 г,Nutrend,https://belok.ua/ua/100-whey-protein-1000-g-vanil-1/,95.0,,False,,2026-09-09 15:40
53933,Soy Isolate - 1кг - шоколад,Sporter,https://belok.ua/ua/soy-isolate-1kg-shokolad/,738.0,,False,,2026-09-09 15:40
53777,Whey Core - 1800 г,Nutrend,https://belok.ua/ua/whey-core/,2885.0,,False,,2026-09-09 15:40
52107,100% Whey Protein - 900 г,IronMaxx,https://belok.ua/ua/100-whey-protein-2350-gr-banka-francuzskaya-vanil-1/,2248.0,,False,Хіт продажу,2026-09-09 15:40
53067,100% Whey Protein - 1000 г,Nutrend,https://belok.ua/ua/100-whey-protein-1000-g-vanil-1/,1899.0,,False,,2026-09-09 15:40
53467,Ultra Premium Whey Protein Build - 34 г,Everbuild Nutrition,https://belok.ua/ua/ultra-premium-whey-protein-build/,55.0,,False,,2026-09-09 15:40
52532,ZeroPro Protein - 1 кг,Amix,https://belok.ua/ua/zeropro-protein-1000-g-creamy-vanilla-cheescake-1/,2595.0,,False,,2026-09-09 15:40
50043,"Syntha-6 - 2,27 кг",BSN,https://belok.ua/ua/bsn-syntha-6/,3985.0,,False,,2026-09-09 15:40
52533,ZeroPro Protein - 2 кг,Amix,https://belok.ua/ua/zeropro-protein-1000-g-creamy-vanilla-cheescake-1/,4999.0,,False,,2026-09-09 15:40
52993,Whey 100% Protein - 1 кг,Sporter,https://belok.ua/ua/whey-100-protein-1-kg-polunicya-1/,1658.0,,False,,2026-09-09 15:40
52994,Whey 100% Protein (lactose free) - 1 кг,Sporter,https://belok.ua/ua/whey-100-protein-1-kg-vanil-lactose-free-1/,1699.0,,False,,2026-09-09 15:40
50337,100% Gold Standard Casein - 850 грам,Optimum Nutrition,https://belok.ua/ua/optimum-nutrition-100-gold-standard-casein/,2099.0,,False,,2026-09-09 15:40
52531,ZeroPro Protein - 35 г,Amix,https://belok.ua/ua/zeropro-protein-1000-g-creamy-vanilla-cheescake-1/,110.0,,False,,2026-09-09 15:40
53596,Whey Isolate - 480 г,Rule 1,https://belok.ua/ua/protein-480-g-shokolad-1/,1449.0,,False,,2026-09-09 15:40
53836,100% Whey Protein - 700 г,Ostrovit,https://belok.ua/ua/100-whey-protein/,999.0,,False,,2026-09-09 15:40
52757,AmixPro Micelle HD Casein - 700 г,Amix,https://belok.ua/ua/amixpro-micelle-hd-casein-700-g-2/,1199.0,,False,,2026-09-09 15:40
52108,100% Whey Protein - 500 г,IronMaxx,https://belok.ua/ua/100-whey-protein-2350-gr-banka-francuzskaya-vanil-1/,1097.0,,False,Хіт продажу,2026-09-09 15:40
50338,"100% Gold Standard Casein - 1,8 кг",Optimum Nutrition,https://belok.ua/ua/optimum-nutrition-100-gold-standard-casein/,3698.0,,False,,2026-09-09 15:40
52984,Iso Whey ProZero - 2250 г,Nutrend,https://belok.ua/ua/iso-whey-prozero-2250-g-bilij-shokolad-1/,4359.0,,False,,2026-09-09 15:40
50042,"Syntha-6 - 1,32 кг",BSN,https://belok.ua/ua/bsn-syntha-6/,2448.0,,False,,2026-09-09 15:40
53444,Ultra Hydrolezed ISO Build - 908 г,Everbuild Nutrition,https://belok.ua/ua/iso-build-protein-isolate-28-g-pechivokrem/,1799.0,,False,Хіт продажу,2026-09-09 15:40
53469,Ultra Premium Whey Protein Build - 908 г,Everbuild Nutrition,https://belok.ua/ua/ultra-premium-whey-protein-build/,1377.0,,False,Хіт продажу,2026-09-09 15:40
53380,Micellar Casein Build - 908 г,Everbuild Nutrition,https://belok.ua/ua/micellar-casein-build-1816-g-shokolad-1/,1245.0,,False,,2026-09-09 15:40
53487,Whey Protein Build 2.0 - 500 г,Everbuild Nutrition,https://belok.ua/ua/whey-protein-build-20-2270-g-solona-karamel/,759.0,,False,,2026-09-09 15:40
53488,Whey Protein Build 2.0 - 1000 г,Everbuild Nutrition,https://belok.ua/ua/whey-protein-build-20-2270-g-solona-karamel/,1245.0,,False,,2026-09-09 15:40
53443,Ultra Hydrolezed ISO Build - 2270 г,Everbuild Nutrition,https://belok.ua/ua/iso-build-protein-isolate-28-g-pechivokrem/,4099.0,,False,Хіт продажу,2026-09-09 15:40
53489,Whey Protein Build 2.0 - 2270 г,Everbuild Nutrition,https://belok.ua/ua/whey-protein-build-20-2270-g-solona-karamel/,2657.0,,False,,2026-09-09 15:40
53445,Ultra Hydrolezed ISO Build - 454 г,Everbuild Nutrition,https://belok.ua/ua/iso-build-protein-isolate-28-g-pechivokrem/,999.0,,False,,2026-09-09 15:40
54104,"Protein Whey Isolate, 660 г",Rule 1,https://belok.ua/ua/protein-480-g-shokolad-1/,2335.0,,True,В наявності | Новинки,2026-09-09 15:40
52337,"R1 Casein - 1,8 кг",Rule 1,https://belok.ua/ua/casein-948-g-shokolad-1/,3498.0,,True,В наявності,2026-09-09 15:40
52789,"Anabolic Monster Beef Protein - 2,2 кг",Amix,https://belok.ua/ua/anabolic-monster-beef-protein-1000-g-forest-fruits-1/,2898.0,,True,В наявності,2026-09-09 15:40
32263,Whey Protein - 462 г - Ванільний крем,Rule 1,https://belok.ua/ua/whey-blend-462-g-vanilnyj-krem/,1235.0,,True,В наявності,2026-09-09 15:40
53068,100% Whey Protein - 2250 г,Nutrend,https://belok.ua/ua/100-whey-protein-1000-g-vanil-1/,4498.0,,True,В наявності,2026-09-09 15:40
52504,Amix Gourmet Protein - 1 кг,Amix,https://belok.ua/ua/gourmet-protein-1000g-strawberry-white-choco-1/,1855.0,,False,,2026-09-09 15:40
53378,Micellar Casein Build - 1816 г,Everbuild Nutrition,https://belok.ua/ua/micellar-casein-build-1816-g-shokolad-1/,2335.0,,False,,2026-09-09 15:40
53470,Ultra Premium Whey Protein Build - 454 г,Everbuild Nutrition,https://belok.ua/ua/ultra-premium-whey-protein-build/,788.0,,False,,2026-09-09 15:40
53442,Ultra Hydrolezed ISO Build - 28 г,Everbuild Nutrition,https://belok.ua/ua/iso-build-protein-isolate-28-g-pechivokrem/,67.0,,False,,2026-09-09 15:40
50321,"100% Whey Gold Standard - 2,27 кг",Optimum Nutrition,https://belok.ua/ua/100-whey-gold-standard/,4999.0,5555.0,True,-10% | В наявності,2026-09-09 13:13
52527,Whey-Pro FUSION - 1 кг,Amix,https://belok.ua/ua/whey-pro-fusion-1000-g-banana-1/,2157.0,,True,В наявності | Хіт продажу,2026-09-09 13:13
53716,100% Standard Whey - 2 кг,Sporter,https://belok.ua/ua/100-standart-whey/,2999.0,,True,В наявності | Хіт продажу,2026-09-09 13:13
53732,100% Isolate - 700 г,Sporter,https://belok.ua/ua/100-isolate/,1598.0,,True,В наявності | Хіт продажу,2026-09-09 13:13
52330,Whey Protein - 890 г,Rule 1,https://belok.ua/ua/whey-blend-462-g-vanilnyj-krem-1/,2098.0,,True,В наявності,2026-09-09 13:13
52331,"Whey Protein - 2,2 кг",Rule 1,https://belok.ua/ua/whey-blend-462-g-vanilnyj-krem-1/,3789.0,,True,В наявності,2026-09-09 13:13
53731,"100% Isolate - 1,8 кг",Sporter,https://belok.ua/ua/100-isolate/,3299.0,,True,В наявності | Хіт продажу,2026-09-09 13:13
50320,100% Whey Gold Standard - 909 г,Optimum Nutrition,https://belok.ua/ua/100-whey-gold-standard/,2259.0,2526.0,True,-11% | В наявності,2026-09-09 13:13
52503,GreenDay Vege Fiit Protein - 720 г,Amix,https://belok.ua/ua/greenday-vege-fiit-protein-720-g-double-chocolate-1/,1075.0,,True,В наявності,2026-09-09 13:13
52842,IsoPrime CFM - 2 кг,Amix,https://belok.ua/ua/isoprime-cfm-500g-cookies-cream-1/,5588.0,,True,В наявності,2026-09-09 13:13
39636,Soy Protein Isolate - 390 г,Ostrovit,https://belok.ua/ua/soy-protein-isolate-390-g/,325.0,,True,В наявності,2026-09-09 13:13
50612,Protein MIX - 1 кг,Power Pro,https://belok.ua/ua/power-pro-protein-mix/,1750.0,,True,В наявності,2026-09-09 13:13
52506,Amix Gold Whey Protein Isolate - 2280 г,Amix,https://belok.ua/ua/gold-whey-protein-isolate-2280-g-banana-1/,5799.0,,True,В наявності,2026-09-09 13:13
52749,IsoPrime CFM - 1 кг,Amix,https://belok.ua/ua/isoprime-cfm-500g-cookies-cream-1/,2997.0,,True,В наявності,2026-09-09 13:13
50614,Whey Protein - 1 кг,Power Pro,https://belok.ua/ua/power-pro-whey-protein/,1810.0,,True,В наявності,2026-09-09 13:13
52336,R1 Casein - 0.9 кг,Rule 1,https://belok.ua/ua/casein-948-g-shokolad-1/,1975.0,,True,В наявності,2026-09-09 13:13
52788,Anabolic Monster Beef Protein - 1 кг,Amix,https://belok.ua/ua/anabolic-monster-beef-protein-1000-g-forest-fruits-1/,1555.0,,True,В наявності,2026-09-09 13:13
52529,"Whey-Pro FUSION - 2,3 кг",Amix,https://belok.ua/ua/whey-pro-fusion-1000-g-banana-1/,4549.0,,True,В наявності | Хіт продажу,2026-09-09 13:13
54109,"Protein Whey Isolate, 1350 г",Rule 1,https://belok.ua/ua/protein-480-g-shokolad-1/,4435.0,,True,В наявності | Новинки,2026-09-09 13:13
52359,Whey Isolate  - 29 г,Rule 1,https://belok.ua/ua/r1-protein-29-g/,115.0,,True,В наявності,2026-09-09 13:13
32859,Whey Protein - 455 г - Шоколад,Rule 1,https://belok.ua/ua/r1-whey-blend-476-g-shokolad/,1235.0,,True,В наявності,2026-09-09 13:13
53069,100% Whey Protein - 400 г,Nutrend,https://belok.ua/ua/100-whey-protein-1000-g-vanil-1/,939.0,,True,В наявності,2026-09-09 13:13
52917,Whey Protein - 34 г,Rule 1,https://belok.ua/ua/whey-blend-462-g-vanilnyj-krem-1/,95.0,,True,В наявності,2026-09-09 13:13
39681,Protein Shot - 60 мл - апельсин,Nutrend,https://belok.ua/ua/protein-shot-60-ml-120-apelsin/,95.0,,True,В наявності,2026-09-09 13:13
50613,Femine-PRO - 1 кг,Power Pro,https://belok.ua/ua/power-pro-femine-pro/,1845.0,,True,В наявності,2026-09-09 13:13
52526,Whey-Pro FUSION - 30 г,Amix,https://belok.ua/ua/whey-pro-fusion-1000-g-banana-1/,85.0,,True,В наявності,2026-09-09 13:13
52985,Iso Whey ProZero - 500 г,Nutrend,https://belok.ua/ua/iso-whey-prozero-2250-g-bilij-shokolad-1/,1588.0,,True,В наявності,2026-09-09 13:13
53975,"100% Whey Protein, 800 г",Nutrend,https://belok.ua/ua/100-whey-protein-1000-g-vanil-1/,1799.0,,True,В наявності,2026-09-09 13:13
54104,"Protein Whey Isolate, 660 г",Rule 1,https://belok.ua/ua/protein-480-g-shokolad-1/,2335.0,,True,В наявності | Новинки,2026-09-09 13:13
54123,"Source 7 Protein, 820 г",Rule 1,https://belok.ua/ua/source-7-protein/,1555.0,,True,В наявності | Новинки,2026-09-09 13:13
53829,HydroBeef® Protein - 1000 г,Amix,https://belok.ua/ua/hydrobeef-protein/,1599.0,,True,В наявності,2026-09-09 13:13
54125,"Source 7 Protein, 41 г",Rule 1,https://belok.ua/ua/source-7-protein/,59.0,,True,В наявності | Новинки,2026-09-09 13:13
54070,"HydroBeef High Class Protein, 2000 г",Amix,https://belok.ua/ua/hydrobeef-protein/,2977.0,,True,В наявності,2026-09-09 13:13
52305,Vegan Protein - 500 г,IronMaxx,https://belok.ua/ua/vegan-protein-500-g-paket-shokolad-1/,897.0,,True,В наявності,2026-09-09 13:13
54124,"Source 7 Protein, 1800 г",Rule 1,https://belok.ua/ua/source-7-protein/,3268.0,,True,В наявності | Новинки,2026-09-09 13:13
53310,Clear BEEF Protein - 1 кг - чорна смородина - ківі,Sporter,https://belok.ua/ua/clear-beef-protein-1-kg-chorna-smorodina-kivi/,1140.0,,True,В наявності,2026-09-09 13:13
52106,100% Whey Protein - 2350 г,IronMaxx,https://belok.ua/ua/100-whey-protein-2350-gr-banka-francuzskaya-vanil-1/,4999.0,,False,,2026-09-09 13:13
52528,Whey-Pro FUSION - 500 г,Amix,https://belok.ua/ua/whey-pro-fusion-1000-g-banana-1/,1155.0,,False,Хіт продажу,2026-09-09 13:13
53717,100% Standard Whey - 900 г,Sporter,https://belok.ua/ua/100-standart-whey/,1579.0,,False,Хіт продажу,2026-09-09 13:13
52327,"Whey Isolate - 2,3 кг",Rule 1,https://belok.ua/ua/protein-480-g-shokolad-1/,6497.0,,False,,2026-09-09 13:13
50357,"Platinum Hydrowhey - 1,59 кг",Optimum Nutrition,https://belok.ua/ua/optimum-nutrition-platinum-hydrowhey/,5300.0,,False,,2026-09-09 13:13
53778,Whey Core - 32 г,Nutrend,https://belok.ua/ua/whey-core/,78.0,,False,,2026-09-09 13:13
52530,IsoPrime CFM - 500 г,Amix,https://belok.ua/ua/isoprime-cfm-500g-cookies-cream-1/,1649.0,,False,,2026-09-09 13:13
52326,Whey Isolate - 899 г,Rule 1,https://belok.ua/ua/protein-480-g-shokolad-1/,2799.0,,False,,2026-09-09 13:13
53071,100% Whey Protein - 30 г,Nutrend,https://belok.ua/ua/100-whey-protein-1000-g-vanil-1/,95.0,,False,,2026-09-09 13:13
53933,Soy Isolate - 1кг - шоколад,Sporter,https://belok.ua/ua/soy-isolate-1kg-shokolad/,738.0,,False,,2026-09-09 13:13
53779,Whey Core - 900 г,Nutrend,https://belok.ua/ua/whey-core/,1575.0,,False,,2026-09-09 13:13
52504,Amix Gourmet Protein - 1 кг,Amix,https://belok.ua/ua/gourmet-protein-1000g-strawberry-white-choco-1/,1855.0,,False,,2026-09-09 13:13
53467,Ultra Premium Whey Protein Build - 34 г,Everbuild Nutrition,https://belok.ua/ua/ultra-premium-whey-protein-build/,55.0,,False,,2026-09-09 13:13
52532,ZeroPro Protein - 1 кг,Amix,https://belok.ua/ua/zeropro-protein-1000-g-creamy-vanilla-cheescake-1/,2595.0,,False,,2026-09-09 13:13
50043,"Syntha-6 - 2,27 кг",BSN,https://belok.ua/ua/bsn-syntha-6/,3985.0,,False,,2026-09-09 13:13
52533,ZeroPro Protein - 2 кг,Amix,https://belok.ua/ua/zeropro-protein-1000-g-creamy-vanilla-cheescake-1/,4999.0,,False,,2026-09-09 13:13
52993,Whey 100% Protein - 1 кг,Sporter,https://belok.ua/ua/whey-100-protein-1-kg-polunicya-1/,1658.0,,False,,2026-09-09 13:13
52994,Whey 100% Protein (lactose free) - 1 кг,Sporter,https://belok.ua/ua/whey-100-protein-1-kg-vanil-lactose-free-1/,1699.0,,False,,2026-09-09 13:13
52984,Iso Whey ProZero - 2250 г,Nutrend,https://belok.ua/ua/iso-whey-prozero-2250-g-bilij-shokolad-1/,4359.0,,False,,2026-09-09 13:13
50042,"Syntha-6 - 1,32 кг",BSN,https://belok.ua/ua/bsn-syntha-6/,2448.0,,False,,2026-09-09 13:13
50337,100% Gold Standard Casein - 850 грам,Optimum Nutrition,https://belok.ua/ua/optimum-nutrition-100-gold-standard-casein/,2099.0,,False,,2026-09-09 13:13
52531,ZeroPro Protein - 35 г,Amix,https://belok.ua/ua/zeropro-protein-1000-g-creamy-vanilla-cheescake-1/,110.0,,False,,2026-09-09 13:13
53596,Whey Isolate - 480 г,Rule 1,https://belok.ua/ua/protein-480-g-shokolad-1/,1449.0,,False,,2026-09-09 13:13
53836,100% Whey Protein - 700 г,Ostrovit,https://belok.ua/ua/100-whey-protein/,999.0,,False,,2026-09-09 13:13
52757,AmixPro Micelle HD Casein - 700 г,Amix,https://belok.ua/ua/amixpro-micelle-hd-casein-700-g-2/,1199.0,,False,,2026-09-09 13:13
52108,100% Whey Protein - 500 г,IronMaxx,https://belok.ua/ua/100-whey-protein-2350-gr-banka-francuzskaya-vanil-1/,1097.0,,False,Хіт продажу,2026-09-09 13:13
50338,"100% Gold Standard Casein - 1,8 кг",Optimum Nutrition,https://belok.ua/ua/optimum-nutrition-100-gold-standard-casein/,3698.0,,False,,2026-09-09 13:13
53468,Ultra Premium Whey Protein Build - 2271 г,Everbuild Nutrition,https://belok.ua/ua/ultra-premium-whey-protein-build/,2658.0,,False,Хіт продажу,2026-09-09 13:13
53378,Micellar Casein Build - 1816 г,Everbuild Nutrition,https://belok.ua/ua/micellar-casein-build-1816-g-shokolad-1/,2335.0,,False,,2026-09-09 13:13
53470,Ultra Premium Whey Protein Build - 454 г,Everbuild Nutrition,https://belok.ua/ua/ultra-premium-whey-protein-build/,788.0,,False,,2026-09-09 13:13
53442,Ultra Hydrolezed ISO Build - 28 г,Everbuild Nutrition,https://belok.ua/ua/iso-build-protein-isolate-28-g-pechivokrem/,67.0,,False,,2026-09-09 13:13
53489,Whey Protein Build 2.0 - 2270 г,Everbuild Nutrition,https://belok.ua/ua/whey-protein-build-20-2270-g-solona-karamel/,2657.0,,False,,2026-09-09 13:13
53445,Ultra Hydrolezed ISO Build - 454 г,Everbuild Nutrition,https://belok.ua/ua/iso-build-protein-isolate-28-g-pechivokrem/,999.0,,False,,2026-09-09 13:13
53488,Whey Protein Build 2.0 - 1000 г,Everbuild Nutrition,https://belok.ua/ua/whey-protein-build-20-2270-g-solona-karamel/,1245.0,,False,,2026-09-09 13:13
53444,Ultra Hydrolezed ISO Build - 908 г,Everbuild Nutrition,https://belok.ua/ua/iso-build-protein-isolate-28-g-pechivokrem/,1799.0,,False,Хіт продажу,2026-09-09 13:13
52790,Anabolic Monster Beef Protein - 33 г,Amix,https://belok.ua/ua/anabolic-monster-beef-protein-1000-g-forest-fruits-1/,79.0,,False,,2026-09-09 13:13
53067,100% Whey Protein - 1000 г,Nutrend,https://belok.ua/ua/100-whey-protein-1000-g-vanil-1/,1899.0,,False,,2026-09-09 13:13
53469,Ultra Premium Whey Protein Build - 908 г,Everbuild Nutrition,https://belok.ua/ua/ultra-premium-whey-protein-build/,1377.0,,False,Хіт продажу,2026-09-09 13:13
53380,Micellar Casein Build - 908 г,Everbuild Nutrition,https://belok.ua/ua/micellar-casein-build-1816-g-shokolad-1/,1245.0,,False,,2026-09-09 13:13
53487,Whey Protein Build 2.0 - 500 г,Everbuild Nutrition,https://belok.ua/ua/whey-protein-build-20-2270-g-solona-karamel/,759.0,,False,,2026-09-09 13:13
53443,Ultra Hydrolezed ISO Build - 2270 г,Everbuild Nutrition,https://belok.ua/ua/iso-build-protein-isolate-28-g-pechivokrem/,4099.0,,False,Хіт продажу,2026-09-09 13:13
50321,"100% Whey Gold Standard - 2,27 кг",Optimum Nutrition,https://belok.ua/ua/100-whey-gold-standard/,4999.0,5555.0,True,-10% | В наявності,2026-09-09 13:37
52527,Whey-Pro FUSION - 1 кг,Amix,https://belok.ua/ua/whey-pro-fusion-1000-g-banana-1/,2157.0,,True,В наявності | Хіт продажу,2026-09-09 13:37
53716,100% Standard Whey - 2 кг,Sporter,https://belok.ua/ua/100-standart-whey/,2999.0,,True,В наявності | Хіт продажу,2026-09-09 13:37
53732,100% Isolate - 700 г,Sporter,https://belok.ua/ua/100-isolate/,1598.0,,True,В наявності | Хіт продажу,2026-09-09 13:37
52331,"Whey Protein - 2,2 кг",Rule 1,https://belok.ua/ua/whey-blend-462-g-vanilnyj-krem-1/,3789.0,,True,В наявності,2026-09-09 13:37
52330,Whey Protein - 890 г,Rule 1,https://belok.ua/ua/whey-blend-462-g-vanilnyj-krem-1/,2098.0,,True,В наявності,2026-09-09 13:37
50320,100% Whey Gold Standard - 909 г,Optimum Nutrition,https://belok.ua/ua/100-whey-gold-standard/,2259.0,2526.0,True,-11% | В наявності,2026-09-09 13:37
53731,"100% Isolate - 1,8 кг",Sporter,https://belok.ua/ua/100-isolate/,3299.0,,True,В наявності | Хіт продажу,2026-09-09 13:37
52336,R1 Casein - 0.9 кг,Rule 1,https://belok.ua/ua/casein-948-g-shokolad-1/,1975.0,,True,В наявності,2026-09-09 13:37
52788,Anabolic Monster Beef Protein - 1 кг,Amix,https://belok.ua/ua/anabolic-monster-beef-protein-1000-g-forest-fruits-1/,1555.0,,True,В наявності,2026-09-09 13:37
52529,"Whey-Pro FUSION - 2,3 кг",Amix,https://belok.ua/ua/whey-pro-fusion-1000-g-banana-1/,4549.0,,True,В наявності | Хіт продажу,2026-09-09 13:37
54109,"Protein Whey Isolate, 1350 г",Rule 1,https://belok.ua/ua/protein-480-g-shokolad-1/,4435.0,,True,В наявності | Новинки,2026-09-09 13:37
52359,Whey Isolate  - 29 г,Rule 1,https://belok.ua/ua/r1-protein-29-g/,115.0,,True,В наявності,2026-09-09 13:37
32859,Whey Protein - 455 г - Шоколад,Rule 1,https://belok.ua/ua/r1-whey-blend-476-g-shokolad/,1235.0,,True,В наявності,2026-09-09 13:37
53069,100% Whey Protein - 400 г,Nutrend,https://belok.ua/ua/100-whey-protein-1000-g-vanil-1/,939.0,,True,В наявності,2026-09-09 13:37
52917,Whey Protein - 34 г,Rule 1,https://belok.ua/ua/whey-blend-462-g-vanilnyj-krem-1/,95.0,,True,В наявності,2026-09-09 13:37
39681,Protein Shot - 60 мл - апельсин,Nutrend,https://belok.ua/ua/protein-shot-60-ml-120-apelsin/,95.0,,True,В наявності,2026-09-09 13:37
50613,Femine-PRO - 1 кг,Power Pro,https://belok.ua/ua/power-pro-femine-pro/,1845.0,,True,В наявності,2026-09-09 13:37
52526,Whey-Pro FUSION - 30 г,Amix,https://belok.ua/ua/whey-pro-fusion-1000-g-banana-1/,85.0,,True,В наявності,2026-09-09 13:37
52985,Iso Whey ProZero - 500 г,Nutrend,https://belok.ua/ua/iso-whey-prozero-2250-g-bilij-shokolad-1/,1588.0,,True,В наявності,2026-09-09 13:37
53975,"100% Whey Protein, 800 г",Nutrend,https://belok.ua/ua/100-whey-protein-1000-g-vanil-1/,1799.0,,True,В наявності,2026-09-09 13:37
54104,"Protein Whey Isolate, 660 г",Rule 1,https://belok.ua/ua/protein-480-g-shokolad-1/,2335.0,,True,В наявності | Новинки,2026-09-09 13:37
52337,"R1 Casein - 1,8 кг",Rule 1,https://belok.ua/ua/casein-948-g-shokolad-1/,3498.0,,True,В наявності,2026-09-09 13:37
52789,"Anabolic Monster Beef Protein - 2,2 кг",Amix,https://belok.ua/ua/anabolic-monster-beef-protein-1000-g-forest-fruits-1/,2898.0,,True,В наявності,2026-09-09 13:37
32263,Whey Protein - 462 г - Ванільний крем,Rule 1,https://belok.ua/ua/whey-blend-462-g-vanilnyj-krem/,1235.0,,True,В наявності,2026-09-09 13:37
53068,100% Whey Protein - 2250 г,Nutrend,https://belok.ua/ua/100-whey-protein-1000-g-vanil-1/,4498.0,,True,В наявності,2026-09-09 13:37
52503,GreenDay Vege Fiit Protein - 720 г,Amix,https://belok.ua/ua/greenday-vege-fiit-protein-720-g-double-chocolate-1/,1075.0,,True,В наявності,2026-09-09 13:37
52842,IsoPrime CFM - 2 кг,Amix,https://belok.ua/ua/isoprime-cfm-500g-cookies-cream-1/,5588.0,,True,В наявності,2026-09-09 13:37
39636,Soy Protein Isolate - 390 г,Ostrovit,https://belok.ua/ua/soy-protein-isolate-390-g/,325.0,,True,В наявності,2026-09-09 13:37
50612,Protein MIX - 1 кг,Power Pro,https://belok.ua/ua/power-pro-protein-mix/,1750.0,,True,В наявності,2026-09-09 13:37
52506,Amix Gold Whey Protein Isolate - 2280 г,Amix,https://belok.ua/ua/gold-whey-protein-isolate-2280-g-banana-1/,5799.0,,True,В наявності,2026-09-09 13:37
52749,IsoPrime CFM - 1 кг,Amix,https://belok.ua/ua/isoprime-cfm-500g-cookies-cream-1/,2997.0,,True,В наявності,2026-09-09 13:37
50614,Whey Protein - 1 кг,Power Pro,https://belok.ua/ua/power-pro-whey-protein/,1810.0,,True,В наявності,2026-09-09 13:37
52305,Vegan Protein - 500 г,IronMaxx,https://belok.ua/ua/vegan-protein-500-g-paket-shokolad-1/,897.0,,True,В наявності,2026-09-09 13:37
54124,"Source 7 Protein, 1800 г",Rule 1,https://belok.ua/ua/source-7-protein/,3268.0,,True,В наявності | Новинки,2026-09-09 13:37
53310,Clear BEEF Protein - 1 кг - чорна смородина - ківі,Sporter,https://belok.ua/ua/clear-beef-protein-1-kg-chorna-smorodina-kivi/,1140.0,,True,В наявності,2026-09-09 13:37
54123,"Source 7 Protein, 820 г",Rule 1,https://belok.ua/ua/source-7-protein/,1555.0,,True,В наявності | Новинки,2026-09-09 13:37
53829,HydroBeef® Protein - 1000 г,Amix,https://belok.ua/ua/hydrobeef-protein/,1599.0,,True,В наявності,2026-09-09 13:37
54125,"Source 7 Protein, 41 г",Rule 1,https://belok.ua/ua/source-7-protein/,59.0,,True,В наявності | Новинки,2026-09-09 13:37
54070,"HydroBeef High Class Protein, 2000 г",Amix,https://belok.ua/ua/hydrobeef-protein/,2977.0,,True,В наявності,2026-09-09 13:37
52106,100% Whey Protein - 2350 г,IronMaxx,https://belok.ua/ua/100-whey-protein-2350-gr-banka-francuzskaya-vanil-1/,4999.0,,False,,2026-09-09 13:37
52528,Whey-Pro FUSION - 500 г,Amix,https://belok.ua/ua/whey-pro-fusion-1000-g-banana-1/,1155.0,,False,Хіт продажу,2026-09-09 13:37
53717,100% Standard Whey - 900 г,Sporter,https://belok.ua/ua/100-standart-whey/,1579.0,,False,Хіт продажу,2026-09-09 13:37
52327,"Whey Isolate - 2,3 кг",Rule 1,https://belok.ua/ua/protein-480-g-shokolad-1/,6497.0,,False,,2026-09-09 13:37
50357,"Platinum Hydrowhey - 1,59 кг",Optimum Nutrition,https://belok.ua/ua/optimum-nutrition-platinum-hydrowhey/,5300.0,,False,,2026-09-09 13:37
53777,Whey Core - 1800 г,Nutrend,https://belok.ua/ua/whey-core/,2885.0,,False,,2026-09-09 13:37
52107,100% Whey Protein - 900 г,IronMaxx,https://belok.ua/ua/100-whey-protein-2350-gr-banka-francuzskaya-vanil-1/,2248.0,,False,Хіт продажу,2026-09-09 13:37
53067,100% Whey Protein - 1000 г,Nutrend,https://belok.ua/ua/100-whey-protein-1000-g-vanil-1/,1899.0,,False,,2026-09-09 13:37
52790,Anabolic Monster Beef Protein - 33 г,Amix,https://belok.ua/ua/anabolic-monster-beef-protein-1000-g-forest-fruits-1/,79.0,,False,,2026-09-09 13:37
53779,Whey Core - 900 г,Nutrend,https://belok.ua/ua/whey-core/,1575.0,,False,,2026-09-09 13:37
52504,Amix Gourmet Protein - 1 кг,Amix,https://belok.ua/ua/gourmet-protein-1000g-strawberry-white-choco-1/,1855.0,,False,,2026-09-09 13:37
53778,Whey Core - 32 г,Nutrend,https://belok.ua/ua/whey-core/,78.0,,False,,2026-09-09 13:37
52530,IsoPrime CFM - 500 г,Amix,https://belok.ua/ua/isoprime-cfm-500g-cookies-cream-1/,1649.0,,False,,2026-09-09 13:37
52326,Whey Isolate - 899 г,Rule 1,https://belok.ua/ua/protein-480-g-shokolad-1/,2799.0,,False,,2026-09-09 13:37
53071,100% Whey Protein - 30 г,Nutrend,https://belok.ua/ua/100-whey-protein-1000-g-vanil-1/,95.0,,False,,2026-09-09 13:37
53467,Ultra Premium Whey Protein Build - 34 г,Everbuild Nutrition,https://belok.ua/ua/ultra-premium-whey-protein-build/,55.0,,False,,2026-09-09 13:37
52532,ZeroPro Protein - 1 кг,Amix,https://belok.ua/ua/zeropro-protein-1000-g-creamy-vanilla-cheescake-1/,2595.0,,False,,2026-09-09 13:37
50043,"Syntha-6 - 2,27 кг",BSN,https://belok.ua/ua/bsn-syntha-6/,3985.0,,False,,2026-09-09 13:37
52533,ZeroPro Protein - 2 кг,Amix,https://belok.ua/ua/zeropro-protein-1000-g-creamy-vanilla-cheescake-1/,4999.0,,False,,2026-09-09 13:37
52993,Whey 100% Protein - 1 кг,Sporter,https://belok.ua/ua/whey-100-protein-1-kg-polunicya-1/,1658.0,,False,,2026-09-09 13:37
52994,Whey 100% Protein (lactose free) - 1 кг,Sporter,https://belok.ua/ua/whey-100-protein-1-kg-vanil-lactose-free-1/,1699.0,,False,,2026-09-09 13:37
52984,Iso Whey ProZero - 2250 г,Nutrend,https://belok.ua/ua/iso-whey-prozero-2250-g-bilij-shokolad-1/,4359.0,,False,,2026-09-09 13:37
50042,"Syntha-6 - 1,32 кг",BSN,https://belok.ua/ua/bsn-syntha-6/,2448.0,,False,,2026-09-09 13:37
50337,100% Gold Standard Casein - 850 грам,Optimum Nutrition,https://belok.ua/ua/optimum-nutrition-100-gold-standard-casein/,2099.0,,False,,2026-09-09 13:37
52531,ZeroPro Protein - 35 г,Amix,https://belok.ua/ua/zeropro-protein-1000-g-creamy-vanilla-cheescake-1/,110.0,,False,,2026-09-09 13:37
53596,Whey Isolate - 480 г,Rule 1,https://belok.ua/ua/protein-480-g-shokolad-1/,1449.0,,False,,2026-09-09 13:37
53836,100% Whey Protein - 700 г,Ostrovit,https://belok.ua/ua/100-whey-protein/,999.0,,False,,2026-09-09 13:37
52757,AmixPro Micelle HD Casein - 700 г,Amix,https://belok.ua/ua/amixpro-micelle-hd-casein-700-g-2/,1199.0,,False,,2026-09-09 13:37
52108,100% Whey Protein - 500 г,IronMaxx,https://belok.ua/ua/100-whey-protein-2350-gr-banka-francuzskaya-vanil-1/,1097.0,,False,Хіт продажу,2026-09-09 13:37
50338,"100% Gold Standard Casein - 1,8 кг",Optimum Nutrition,https://belok.ua/ua/optimum-nutrition-100-gold-standard-casein/,3698.0,,False,,2026-09-09 13:37
53468,Ultra Premium Whey Protein Build - 2271 г,Everbuild Nutrition,https://belok.ua/ua/ultra-premium-whey-protein-build/,2658.0,,False,Хіт продажу,2026-09-09 13:37
53378,Micellar Casein Build - 1816 г,Everbuild Nutrition,https://belok.ua/ua/micellar-casein-build-1816-g-shokolad-1/,2335.0,,False,,2026-09-09 13:37
53470,Ultra Premium Whey Protein Build - 454 г,Everbuild Nutrition,https://belok.ua/ua/ultra-premium-whey-protein-build/,788.0,,False,,2026-09-09 13:37
53442,Ultra Hydrolezed ISO Build - 28 г,Everbuild Nutrition,https://belok.ua/ua/iso-build-protein-isolate-28-g-pechivokrem/,67.0,,False,,2026-09-09 13:37
53488,Whey Protein Build 2.0 - 1000 г,Everbuild Nutrition,https://belok.ua/ua/whey-protein-build-20-2270-g-solona-karamel/,1245.0,,False,,2026-09-09 13:37
53444,Ultra Hydrolezed ISO Build - 908 г,Everbuild Nutrition,https://belok.ua/ua/iso-build-protein-isolate-28-g-pechivokrem/,1799.0,,False,Хіт продажу,2026-09-09 13:37
53469,Ultra Premium Whey Protein Build - 908 г,Everbuild Nutrition,https://belok.ua/ua/ultra-premium-whey-protein-build/,1377.0,,False,Хіт продажу,2026-09-09 13:37
53380,Micellar Casein Build - 908 г,Everbuild Nutrition,https://belok.ua/ua/micellar-casein-build-1816-g-shokolad-1/,1245.0,,False,,2026-09-09 13:37
53487,Whey Protein Build 2.0 - 500 г,Everbuild Nutrition,https://belok.ua/ua/whey-protein-build-20-2270-g-solona-karamel/,759.0,,False,,2026-09-09 13:37
53443,Ultra Hydrolezed ISO Build - 2270 г,Everbuild Nutrition,https://belok.ua/ua/iso-build-protein-isolate-28-g-pechivokrem/,4099.0,,False,Хіт продажу,2026-09-09 13:37
53489,Whey Protein Build 2.0 - 2270 г,Everbuild Nutrition,https://belok.ua/ua/whey-protein-build-20-2270-g-solona-karamel/,2657.0,,False,,2026-09-09 13:37
53445,Ultra Hydrolezed ISO Build - 454 г,Everbuild Nutrition,https://belok.ua/ua/iso-build-protein-isolate-28-g-pechivokrem/,999.0,,False,,2026-09-09 13:37
53933,Soy Isolate - 1кг - шоколад,Sporter,https://belok.ua/ua/soy-isolate-1kg-shokolad/,738.0,,False,,2026-09-09 13:37
50321,"100% Whey Gold Standard - 2,27 кг",Optimum Nutrition,https://belok.ua/ua/100-whey-gold-standard/,4999.0,5555.0,True,-10% | В наявності,2026-09-10 08:50
52527,Whey-Pro FUSION - 1 кг,Amix,https://belok.ua/ua/whey-pro-fusion-1000-g-banana-1/,2157.0,,True,В наявності | Хіт продажу,2026-09-10 08:50
53716,100% Standard Whey - 2 кг,Sporter,https://belok.ua/ua/100-standart-whey/,2999.0,,True,В наявності | Хіт продажу,2026-09-10 08:50
53732,100% Isolate - 700 г,Sporter,https://belok.ua/ua/100-isolate/,1598.0,,True,В наявності | Хіт продажу,2026-09-10 08:50
52330,Whey Protein - 890 г,Rule 1,https://belok.ua/ua/whey-blend-462-g-vanilnyj-krem-1/,2098.0,,True,В наявності,2026-09-10 08:50
52331,"Whey Protein - 2,2 кг",Rule 1,https://belok.ua/ua/whey-blend-462-g-vanilnyj-krem-1/,3789.0,,True,В наявності,2026-09-10 08:50
53731,"100% Isolate - 1,8 кг",Sporter,https://belok.ua/ua/100-isolate/,3299.0,,True,В наявності | Хіт продажу,2026-09-10 08:50
50320,100% Whey Gold Standard - 909 г,Optimum Nutrition,https://belok.ua/ua/100-whey-gold-standard/,2259.0,2526.0,True,-11% | В наявності,2026-09-10 08:50
52749,IsoPrime CFM - 1 кг,Amix,https://belok.ua/ua/isoprime-cfm-500g-cookies-cream-1/,2997.0,,True,В наявності,2026-09-10 08:50
50614,Whey Protein - 1 кг,Power Pro,https://belok.ua/ua/power-pro-whey-protein/,1810.0,,True,В наявності,2026-09-10 08:50
52336,R1 Casein - 0.9 кг,Rule 1,https://belok.ua/ua/casein-948-g-shokolad-1/,1975.0,,True,В наявності,2026-09-10 08:50
52788,Anabolic Monster Beef Protein - 1 кг,Amix,https://belok.ua/ua/anabolic-monster-beef-protein-1000-g-forest-fruits-1/,1555.0,,True,В наявності,2026-09-10 08:50
52529,"Whey-Pro FUSION - 2,3 кг",Amix,https://belok.ua/ua/whey-pro-fusion-1000-g-banana-1/,4549.0,,True,В наявності | Хіт продажу,2026-09-10 08:50
54109,"Protein Whey Isolate, 1350 г",Rule 1,https://belok.ua/ua/protein-480-g-shokolad-1/,4435.0,,True,В наявності | Новинки,2026-09-10 08:50
52359,Whey Isolate  - 29 г,Rule 1,https://belok.ua/ua/r1-protein-29-g/,115.0,,True,В наявності,2026-09-10 08:50
32859,Whey Protein - 455 г - Шоколад,Rule 1,https://belok.ua/ua/r1-whey-blend-476-g-shokolad/,1235.0,,True,В наявності,2026-09-10 08:50
53069,100% Whey Protein - 400 г,Nutrend,https://belok.ua/ua/100-whey-protein-1000-g-vanil-1/,939.0,,True,В наявності,2026-09-10 08:50
52917,Whey Protein - 34 г,Rule 1,https://belok.ua/ua/whey-blend-462-g-vanilnyj-krem-1/,95.0,,True,В наявності,2026-09-10 08:50
39681,Protein Shot - 60 мл - апельсин,Nutrend,https://belok.ua/ua/protein-shot-60-ml-120-apelsin/,95.0,,True,В наявності,2026-09-10 08:50
50613,Femine-PRO - 1 кг,Power Pro,https://belok.ua/ua/power-pro-femine-pro/,1845.0,,True,В наявності,2026-09-10 08:50
52526,Whey-Pro FUSION - 30 г,Amix,https://belok.ua/ua/whey-pro-fusion-1000-g-banana-1/,85.0,,True,В наявності,2026-09-10 08:50
52985,Iso Whey ProZero - 500 г,Nutrend,https://belok.ua/ua/iso-whey-prozero-2250-g-bilij-shokolad-1/,1588.0,,True,В наявності,2026-09-10 08:50
53975,"100% Whey Protein, 800 г",Nutrend,https://belok.ua/ua/100-whey-protein-1000-g-vanil-1/,1799.0,,True,В наявності,2026-09-10 08:50
54104,"Protein Whey Isolate, 660 г",Rule 1,https://belok.ua/ua/protein-480-g-shokolad-1/,2335.0,,True,В наявності | Новинки,2026-09-10 08:50
52337,"R1 Casein - 1,8 кг",Rule 1,https://belok.ua/ua/casein-948-g-shokolad-1/,3498.0,,True,В наявності,2026-09-10 08:50
53068,100% Whey Protein - 2250 г,Nutrend,https://belok.ua/ua/100-whey-protein-1000-g-vanil-1/,4498.0,,True,В наявності,2026-09-10 08:50
32263,Whey Protein - 462 г - Ванільний крем,Rule 1,https://belok.ua/ua/whey-blend-462-g-vanilnyj-krem/,1235.0,,True,В наявності,2026-09-10 08:50
52503,GreenDay Vege Fiit Protein - 720 г,Amix,https://belok.ua/ua/greenday-vege-fiit-protein-720-g-double-chocolate-1/,1075.0,,True,В наявності,2026-09-10 08:50
52842,IsoPrime CFM - 2 кг,Amix,https://belok.ua/ua/isoprime-cfm-500g-cookies-cream-1/,5588.0,,True,В наявності,2026-09-10 08:50
39636,Soy Protein Isolate - 390 г,Ostrovit,https://belok.ua/ua/soy-protein-isolate-390-g/,325.0,,True,В наявності,2026-09-10 08:50
52506,Amix Gold Whey Protein Isolate - 2280 г,Amix,https://belok.ua/ua/gold-whey-protein-isolate-2280-g-banana-1/,5799.0,,True,В наявності,2026-09-10 08:50
50612,Protein MIX - 1 кг,Power Pro,https://belok.ua/ua/power-pro-protein-mix/,1750.0,,True,В наявності,2026-09-10 08:50
54070,"HydroBeef High Class Protein, 2000 г",Amix,https://belok.ua/ua/hydrobeef-protein/,2977.0,,True,В наявності,2026-09-10 08:50
54124,"Source 7 Protein, 1800 г",Rule 1,https://belok.ua/ua/source-7-protein/,3268.0,,True,В наявності | Новинки,2026-09-10 08:50
52305,Vegan Protein - 500 г,IronMaxx,https://belok.ua/ua/vegan-protein-500-g-paket-shokolad-1/,897.0,,True,В наявності,2026-09-10 08:50
53310,Clear BEEF Protein - 1 кг - чорна смородина - ківі,Sporter,https://belok.ua/ua/clear-beef-protein-1-kg-chorna-smorodina-kivi/,1140.0,,True,В наявності,2026-09-10 08:50
54123,"Source 7 Protein, 820 г",Rule 1,https://belok.ua/ua/source-7-protein/,1555.0,,True,В наявності | Новинки,2026-09-10 08:50
53829,HydroBeef® Protein - 1000 г,Amix,https://belok.ua/ua/hydrobeef-protein/,1599.0,,True,В наявності,2026-09-10 08:50
54125,"Source 7 Protein, 41 г",Rule 1,https://belok.ua/ua/source-7-protein/,59.0,,True,В наявності | Новинки,2026-09-10 08:50
52106,100% Whey Protein - 2350 г,IronMaxx,https://belok.ua/ua/100-whey-protein-2350-gr-banka-francuzskaya-vanil-1/,4999.0,,False,,2026-09-10 08:50
52528,Whey-Pro FUSION - 500 г,Amix,https://belok.ua/ua/whey-pro-fusion-1000-g-banana-1/,1155.0,,False,Хіт продажу,2026-09-10 08:50
53717,100% Standard Whey - 900 г,Sporter,https://belok.ua/ua/100-standart-whey/,1579.0,,False,Хіт продажу,2026-09-10 08:50
52327,"Whey Isolate - 2,3 кг",Rule 1,https://belok.ua/ua/protein-480-g-shokolad-1/,6497.0,,False,,2026-09-10 08:50
50357,"Platinum Hydrowhey - 1,59 кг",Optimum Nutrition,https://belok.ua/ua/optimum-nutrition-platinum-hydrowhey/,5300.0,,False,,2026-09-10 08:50
53777,Whey Core - 1800 г,Nutrend,https://belok.ua/ua/whey-core/,2885.0,,False,,2026-09-10 08:50
53067,100% Whey Protein - 1000 г,Nutrend,https://belok.ua/ua/100-whey-protein-1000-g-vanil-1/,1899.0,,False,,2026-09-10 08:50
52107,100% Whey Protein - 900 г,IronMaxx,https://belok.ua/ua/100-whey-protein-2350-gr-banka-francuzskaya-vanil-1/,2248.0,,False,Хіт продажу,2026-09-10 08:50
52790,Anabolic Monster Beef Protein - 33 г,Amix,https://belok.ua/ua/anabolic-monster-beef-protein-1000-g-forest-fruits-1/,79.0,,False,,2026-09-10 08:50
53779,Whey Core - 900 г,Nutrend,https://belok.ua/ua/whey-core/,1575.0,,False,,2026-09-10 08:50
52504,Amix Gourmet Protein - 1 кг,Amix,https://belok.ua/ua/gourmet-protein-1000g-strawberry-white-choco-1/,1855.0,,False,,2026-09-10 08:50
53778,Whey Core - 32 г,Nutrend,https://belok.ua/ua/whey-core/,78.0,,False,,2026-09-10 08:50
52530,IsoPrime CFM - 500 г,Amix,https://belok.ua/ua/isoprime-cfm-500g-cookies-cream-1/,1649.0,,False,,2026-09-10 08:50
52326,Whey Isolate - 899 г,Rule 1,https://belok.ua/ua/protein-480-g-shokolad-1/,2799.0,,False,,2026-09-10 08:50
53071,100% Whey Protein - 30 г,Nutrend,https://belok.ua/ua/100-whey-protein-1000-g-vanil-1/,95.0,,False,,2026-09-10 08:50
53467,Ultra Premium Whey Protein Build - 34 г,Everbuild Nutrition,https://belok.ua/ua/ultra-premium-whey-protein-build/,55.0,,False,,2026-09-10 08:50
52532,ZeroPro Protein - 1 кг,Amix,https://belok.ua/ua/zeropro-protein-1000-g-creamy-vanilla-cheescake-1/,2595.0,,False,,2026-09-10 08:50
50043,"Syntha-6 - 2,27 кг",BSN,https://belok.ua/ua/bsn-syntha-6/,3985.0,,False,,2026-09-10 08:50
52533,ZeroPro Protein - 2 кг,Amix,https://belok.ua/ua/zeropro-protein-1000-g-creamy-vanilla-cheescake-1/,4999.0,,False,,2026-09-10 08:50
52993,Whey 100% Protein - 1 кг,Sporter,https://belok.ua/ua/whey-100-protein-1-kg-polunicya-1/,1658.0,,False,,2026-09-10 08:50
52994,Whey 100% Protein (lactose free) - 1 кг,Sporter,https://belok.ua/ua/whey-100-protein-1-kg-vanil-lactose-free-1/,1699.0,,False,,2026-09-10 08:50
52984,Iso Whey ProZero - 2250 г,Nutrend,https://belok.ua/ua/iso-whey-prozero-2250-g-bilij-shokolad-1/,4359.0,,False,,2026-09-10 08:50
50042,"Syntha-6 - 1,32 кг",BSN,https://belok.ua/ua/bsn-syntha-6/,2448.0,,False,,2026-09-10 08:50
50337,100% Gold Standard Casein - 850 грам,Optimum Nutrition,https://belok.ua/ua/optimum-nutrition-100-gold-standard-casein/,2099.0,,False,,2026-09-10 08:50
52531,ZeroPro Protein - 35 г,Amix,https://belok.ua/ua/zeropro-protein-1000-g-creamy-vanilla-cheescake-1/,110.0,,False,,2026-09-10 08:50
53596,Whey Isolate - 480 г,Rule 1,https://belok.ua/ua/protein-480-g-shokolad-1/,1449.0,,False,,2026-09-10 08:50
53836,100% Whey Protein - 700 г,Ostrovit,https://belok.ua/ua/100-whey-protein/,999.0,,False,,2026-09-10 08:50
52757,AmixPro Micelle HD Casein - 700 г,Amix,https://belok.ua/ua/amixpro-micelle-hd-casein-700-g-2/,1199.0,,False,,2026-09-10 08:50
52108,100% Whey Protein - 500 г,IronMaxx,https://belok.ua/ua/100-whey-protein-2350-gr-banka-francuzskaya-vanil-1/,1097.0,,False,Хіт продажу,2026-09-10 08:50
50338,"100% Gold Standard Casein - 1,8 кг",Optimum Nutrition,https://belok.ua/ua/optimum-nutrition-100-gold-standard-casein/,3698.0,,False,,2026-09-10 08:50
53468,Ultra Premium Whey Protein Build - 2271 г,Everbuild Nutrition,https://belok.ua/ua/ultra-premium-whey-protein-build/,2658.0,,False,Хіт продажу,2026-09-10 08:50
53378,Micellar Casein Build - 1816 г,Everbuild Nutrition,https://belok.ua/ua/micellar-casein-build-1816-g-shokolad-1/,2335.0,,False,,2026-09-10 08:50
53470,Ultra Premium Whey Protein Build - 454 г,Everbuild Nutrition,https://belok.ua/ua/ultra-premium-whey-protein-build/,788.0,,False,,2026-09-10 08:50
53442,Ultra Hydrolezed ISO Build - 28 г,Everbuild Nutrition,https://belok.ua/ua/iso-build-protein-isolate-28-g-pechivokrem/,67.0,,False,,2026-09-10 08:50
53488,Whey Protein Build 2.0 - 1000 г,Everbuild Nutrition,https://belok.ua/ua/whey-protein-build-20-2270-g-solona-karamel/,1245.0,,False,,2026-09-10 08:50
53444,Ultra Hydrolezed ISO Build - 908 г,Everbuild Nutrition,https://belok.ua/ua/iso-build-protein-isolate-28-g-pechivokrem/,1799.0,,False,Хіт продажу,2026-09-10 08:50
53469,Ultra Premium Whey Protein Build - 908 г,Everbuild Nutrition,https://belok.ua/ua/ultra-premium-whey-protein-build/,1377.0,,False,Хіт продажу,2026-09-10 08:50
53380,Micellar Casein Build - 908 г,Everbuild Nutrition,https://belok.ua/ua/micellar-casein-build-1816-g-shokolad-1/,1245.0,,False,,2026-09-10 08:50
53487,Whey Protein Build 2.0 - 500 г,Everbuild Nutrition,https://belok.ua/ua/whey-protein-build-20-2270-g-solona-karamel/,759.0,,False,,2026-09-10 08:50
53443,Ultra Hydrolezed ISO Build - 2270 г,Everbuild Nutrition,https://belok.ua/ua/iso-build-protein-isolate-28-g-pechivokrem/,4099.0,,False,Хіт продажу,2026-09-10 08:50
52789,"Anabolic Monster Beef Protein - 2,2 кг",Amix,https://belok.ua/ua/anabolic-monster-beef-protein-1000-g-forest-fruits-1/,2898.0,,True,В наявності,2026-09-10 08:50
53933,Soy Isolate - 1кг - шоколад,Sporter,https://belok.ua/ua/soy-isolate-1kg-shokolad/,738.0,,False,,2026-09-10 08:50
53489,Whey Protein Build 2.0 - 2270 г,Everbuild Nutrition,https://belok.ua/ua/whey-protein-build-20-2270-g-solona-karamel/,2657.0,,False,,2026-09-10 08:50
53445,Ultra Hydrolezed ISO Build - 454 г,Everbuild Nutrition,https://belok.ua/ua/iso-build-protein-isolate-28-g-pechivokrem/,999.0,,False,,2026-09-10 08:50
50321,"100% Whey Gold Standard - 2,27 кг",Optimum Nutrition,https://belok.ua/ua/100-whey-gold-standard/,4999.0,5555.0,True,-10% | В наявності,2026-09-11 08:47
52527,Whey-Pro FUSION - 1 кг,Amix,https://belok.ua/ua/whey-pro-fusion-1000-g-banana-1/,2157.0,,True,В наявності | Хіт продажу,2026-09-11 08:47
53716,100% Standard Whey - 2 кг,Sporter,https://belok.ua/ua/100-standart-whey/,2999.0,,True,В наявності | Хіт продажу,2026-09-11 08:47
53732,100% Isolate - 700 г,Sporter,https://belok.ua/ua/100-isolate/,1598.0,,True,В наявності | Хіт продажу,2026-09-11 08:47
52331,"Whey Protein - 2,2 кг",Rule 1,https://belok.ua/ua/whey-blend-462-g-vanilnyj-krem-1/,3789.0,,True,В наявності,2026-09-11 08:47
52330,Whey Protein - 890 г,Rule 1,https://belok.ua/ua/whey-blend-462-g-vanilnyj-krem-1/,2098.0,,True,В наявності,2026-09-11 08:47
53731,"100% Isolate - 1,8 кг",Sporter,https://belok.ua/ua/100-isolate/,3299.0,,True,В наявності | Хіт продажу,2026-09-11 08:47
50320,100% Whey Gold Standard - 909 г,Optimum Nutrition,https://belok.ua/ua/100-whey-gold-standard/,2259.0,2526.0,True,-11% | В наявності,2026-09-11 08:47
32859,Whey Protein - 455 г - Шоколад,Rule 1,https://belok.ua/ua/r1-whey-blend-476-g-shokolad/,1235.0,,True,В наявності,2026-09-11 08:47
53069,100% Whey Protein - 400 г,Nutrend,https://belok.ua/ua/100-whey-protein-1000-g-vanil-1/,939.0,,True,В наявності,2026-09-11 08:47
52917,Whey Protein - 34 г,Rule 1,https://belok.ua/ua/whey-blend-462-g-vanilnyj-krem-1/,95.0,,True,В наявності,2026-09-11 08:47
39681,Protein Shot - 60 мл - апельсин,Nutrend,https://belok.ua/ua/protein-shot-60-ml-120-apelsin/,95.0,,True,В наявності,2026-09-11 08:47
50613,Femine-PRO - 1 кг,Power Pro,https://belok.ua/ua/power-pro-femine-pro/,1845.0,,True,В наявності,2026-09-11 08:47
52526,Whey-Pro FUSION - 30 г,Amix,https://belok.ua/ua/whey-pro-fusion-1000-g-banana-1/,85.0,,True,В наявності,2026-09-11 08:47
52985,Iso Whey ProZero - 500 г,Nutrend,https://belok.ua/ua/iso-whey-prozero-2250-g-bilij-shokolad-1/,1588.0,,True,В наявності,2026-09-11 08:47
53975,"100% Whey Protein, 800 г",Nutrend,https://belok.ua/ua/100-whey-protein-1000-g-vanil-1/,1799.0,,True,В наявності,2026-09-11 08:47
54104,"Protein Whey Isolate, 660 г",Rule 1,https://belok.ua/ua/protein-480-g-shokolad-1/,2335.0,,True,В наявності | Новинки,2026-09-11 08:47
52337,"R1 Casein - 1,8 кг",Rule 1,https://belok.ua/ua/casein-948-g-shokolad-1/,3498.0,,True,В наявності,2026-09-11 08:47
52789,"Anabolic Monster Beef Protein - 2,2 кг",Amix,https://belok.ua/ua/anabolic-monster-beef-protein-1000-g-forest-fruits-1/,2898.0,,True,В наявності,2026-09-11 08:47
32263,Whey Protein - 462 г - Ванільний крем,Rule 1,https://belok.ua/ua/whey-blend-462-g-vanilnyj-krem/,1235.0,,True,В наявності,2026-09-11 08:47
53068,100% Whey Protein - 2250 г,Nutrend,https://belok.ua/ua/100-whey-protein-1000-g-vanil-1/,4498.0,,True,В наявності,2026-09-11 08:47
52503,GreenDay Vege Fiit Protein - 720 г,Amix,https://belok.ua/ua/greenday-vege-fiit-protein-720-g-double-chocolate-1/,1075.0,,True,В наявності,2026-09-11 08:47
52842,IsoPrime CFM - 2 кг,Amix,https://belok.ua/ua/isoprime-cfm-500g-cookies-cream-1/,5588.0,,True,В наявності,2026-09-11 08:47
39636,Soy Protein Isolate - 390 г,Ostrovit,https://belok.ua/ua/soy-protein-isolate-390-g/,325.0,,True,В наявності,2026-09-11 08:47
50612,Protein MIX - 1 кг,Power Pro,https://belok.ua/ua/power-pro-protein-mix/,1750.0,,True,В наявності,2026-09-11 08:47
54123,"Source 7 Protein, 820 г",Rule 1,https://belok.ua/ua/source-7-protein/,1555.0,,True,В наявності | Новинки,2026-09-11 08:47
53829,HydroBeef® Protein - 1000 г,Amix,https://belok.ua/ua/hydrobeef-protein/,1599.0,,True,В наявності,2026-09-11 08:47
54125,"Source 7 Protein, 41 г",Rule 1,https://belok.ua/ua/source-7-protein/,59.0,,True,В наявності | Новинки,2026-09-11 08:47
54070,"HydroBeef High Class Protein, 2000 г",Amix,https://belok.ua/ua/hydrobeef-protein/,2977.0,,True,В наявності,2026-09-11 08:47
52305,Vegan Protein - 500 г,IronMaxx,https://belok.ua/ua/vegan-protein-500-g-paket-shokolad-1/,897.0,,True,В наявності,2026-09-11 08:47
54124,"Source 7 Protein, 1800 г",Rule 1,https://belok.ua/ua/source-7-protein/,3268.0,,True,В наявності | Новинки,2026-09-11 08:47
53310,Clear BEEF Protein - 1 кг - чорна смородина - ківі,Sporter,https://belok.ua/ua/clear-beef-protein-1-kg-chorna-smorodina-kivi/,1140.0,,True,В наявності,2026-09-11 08:47
52106,100% Whey Protein - 2350 г,IronMaxx,https://belok.ua/ua/100-whey-protein-2350-gr-banka-francuzskaya-vanil-1/,4999.0,,False,,2026-09-11 08:47
52528,Whey-Pro FUSION - 500 г,Amix,https://belok.ua/ua/whey-pro-fusion-1000-g-banana-1/,1155.0,,False,Хіт продажу,2026-09-11 08:47
53717,100% Standard Whey - 900 г,Sporter,https://belok.ua/ua/100-standart-whey/,1579.0,,False,Хіт продажу,2026-09-11 08:47
52327,"Whey Isolate - 2,3 кг",Rule 1,https://belok.ua/ua/protein-480-g-shokolad-1/,6497.0,,False,,2026-09-11 08:47
50357,"Platinum Hydrowhey - 1,59 кг",Optimum Nutrition,https://belok.ua/ua/optimum-nutrition-platinum-hydrowhey/,5300.0,,False,,2026-09-11 08:47
53778,Whey Core - 32 г,Nutrend,https://belok.ua/ua/whey-core/,78.0,,False,,2026-09-11 08:47
52530,IsoPrime CFM - 500 г,Amix,https://belok.ua/ua/isoprime-cfm-500g-cookies-cream-1/,1649.0,,False,,2026-09-11 08:47
52326,Whey Isolate - 899 г,Rule 1,https://belok.ua/ua/protein-480-g-shokolad-1/,2799.0,,False,,2026-09-11 08:47
53071,100% Whey Protein - 30 г,Nutrend,https://belok.ua/ua/100-whey-protein-1000-g-vanil-1/,95.0,,False,,2026-09-11 08:47
53933,Soy Isolate - 1кг - шоколад,Sporter,https://belok.ua/ua/soy-isolate-1kg-shokolad/,738.0,,False,,2026-09-11 08:47
53777,Whey Core - 1800 г,Nutrend,https://belok.ua/ua/whey-core/,2885.0,,False,,2026-09-11 08:47
52107,100% Whey Protein - 900 г,IronMaxx,https://belok.ua/ua/100-whey-protein-2350-gr-banka-francuzskaya-vanil-1/,2248.0,,False,Хіт продажу,2026-09-11 08:47
53067,100% Whey Protein - 1000 г,Nutrend,https://belok.ua/ua/100-whey-protein-1000-g-vanil-1/,1899.0,,False,,2026-09-11 08:47
52790,Anabolic Monster Beef Protein - 33 г,Amix,https://belok.ua/ua/anabolic-monster-beef-protein-1000-g-forest-fruits-1/,79.0,,False,,2026-09-11 08:47
53779,Whey Core - 900 г,Nutrend,https://belok.ua/ua/whey-core/,1575.0,,False,,2026-09-11 08:47
52504,Amix Gourmet Protein - 1 кг,Amix,https://belok.ua/ua/gourmet-protein-1000g-strawberry-white-choco-1/,1855.0,,False,,2026-09-11 08:47
53467,Ultra Premium Whey Protein Build - 34 г,Everbuild Nutrition,https://belok.ua/ua/ultra-premium-whey-protein-build/,55.0,,False,,2026-09-11 08:47
52532,ZeroPro Protein - 1 кг,Amix,https://belok.ua/ua/zeropro-protein-1000-g-creamy-vanilla-cheescake-1/,2595.0,,False,,2026-09-11 08:47
50043,"Syntha-6 - 2,27 кг",BSN,https://belok.ua/ua/bsn-syntha-6/,3985.0,,False,,2026-09-11 08:47
52533,ZeroPro Protein - 2 кг,Amix,https://belok.ua/ua/zeropro-protein-1000-g-creamy-vanilla-cheescake-1/,4999.0,,False,,2026-09-11 08:47
52993,Whey 100% Protein - 1 кг,Sporter,https://belok.ua/ua/whey-100-protein-1-kg-polunicya-1/,1658.0,,False,,2026-09-11 08:47
52994,Whey 100% Protein (lactose free) - 1 кг,Sporter,https://belok.ua/ua/whey-100-protein-1-kg-vanil-lactose-free-1/,1699.0,,False,,2026-09-11 08:47
52108,100% Whey Protein - 500 г,IronMaxx,https://belok.ua/ua/100-whey-protein-2350-gr-banka-francuzskaya-vanil-1/,1097.0,,False,Хіт продажу,2026-09-11 08:47
50338,"100% Gold Standard Casein - 1,8 кг",Optimum Nutrition,https://belok.ua/ua/optimum-nutrition-100-gold-standard-casein/,3698.0,,False,,2026-09-11 08:47
52984,Iso Whey ProZero - 2250 г,Nutrend,https://belok.ua/ua/iso-whey-prozero-2250-g-bilij-shokolad-1/,4359.0,,False,,2026-09-11 08:47
50042,"Syntha-6 - 1,32 кг",BSN,https://belok.ua/ua/bsn-syntha-6/,2448.0,,False,,2026-09-11 08:47
50337,100% Gold Standard Casein - 850 грам,Optimum Nutrition,https://belok.ua/ua/optimum-nutrition-100-gold-standard-casein/,2099.0,,False,,2026-09-11 08:47
52531,ZeroPro Protein - 35 г,Amix,https://belok.ua/ua/zeropro-protein-1000-g-creamy-vanilla-cheescake-1/,110.0,,False,,2026-09-11 08:47
53596,Whey Isolate - 480 г,Rule 1,https://belok.ua/ua/protein-480-g-shokolad-1/,1449.0,,False,,2026-09-11 08:47
53836,100% Whey Protein - 700 г,Ostrovit,https://belok.ua/ua/100-whey-protein/,999.0,,False,,2026-09-11 08:47
52757,AmixPro Micelle HD Casein - 700 г,Amix,https://belok.ua/ua/amixpro-micelle-hd-casein-700-g-2/,1199.0,,False,,2026-09-11 08:47
53443,Ultra Hydrolezed ISO Build - 2270 г,Everbuild Nutrition,https://belok.ua/ua/iso-build-protein-isolate-28-g-pechivokrem/,4099.0,,False,Хіт продажу,2026-09-11 08:47
53489,Whey Protein Build 2.0 - 2270 г,Everbuild Nutrition,https://belok.ua/ua/whey-protein-build-20-2270-g-solona-karamel/,2657.0,,False,,2026-09-11 08:47
53445,Ultra Hydrolezed ISO Build - 454 г,Everbuild Nutrition,https://belok.ua/ua/iso-build-protein-isolate-28-g-pechivokrem/,999.0,,False,,2026-09-11 08:47
53468,Ultra Premium Whey Protein Build - 2271 г,Everbuild Nutrition,https://belok.ua/ua/ultra-premium-whey-protein-build/,2658.0,,False,Хіт продажу,2026-09-11 08:47
53378,Micellar Casein Build - 1816 г,Everbuild Nutrition,https://belok.ua/ua/micellar-casein-build-1816-g-shokolad-1/,2335.0,,False,,2026-09-11 08:47
53470,Ultra Premium Whey Protein Build - 454 г,Everbuild Nutrition,https://belok.ua/ua/ultra-premium-whey-protein-build/,788.0,,False,,2026-09-11 08:47
53442,Ultra Hydrolezed ISO Build - 28 г,Everbuild Nutrition,https://belok.ua/ua/iso-build-protein-isolate-28-g-pechivokrem/,67.0,,False,,2026-09-11 08:47
53488,Whey Protein Build 2.0 - 1000 г,Everbuild Nutrition,https://belok.ua/ua/whey-protein-build-20-2270-g-solona-karamel/,1245.0,,False,,2026-09-11 08:47
52506,Amix Gold Whey Protein Isolate - 2280 г,Amix,https://belok.ua/ua/gold-whey-protein-isolate-2280-g-banana-1/,5799.0,,True,В наявності,2026-09-11 08:47
52749,IsoPrime CFM - 1 кг,Amix,https://belok.ua/ua/isoprime-cfm-500g-cookies-cream-1/,2997.0,,True,В наявності,2026-09-11 08:47
50614,Whey Protein - 1 кг,Power Pro,https://belok.ua/ua/power-pro-whey-protein/,1810.0,,True,В наявності,2026-09-11 08:47
52336,R1 Casein - 0.9 кг,Rule 1,https://belok.ua/ua/casein-948-g-shokolad-1/,1975.0,,True,В наявності,2026-09-11 08:47
52788,Anabolic Monster Beef Protein - 1 кг,Amix,https://belok.ua/ua/anabolic-monster-beef-protein-1000-g-forest-fruits-1/,1555.0,,True,В наявності,2026-09-11 08:47
52529,"Whey-Pro FUSION - 2,3 кг",Amix,https://belok.ua/ua/whey-pro-fusion-1000-g-banana-1/,4549.0,,True,В наявності | Хіт продажу,2026-09-11 08:47
54109,"Protein Whey Isolate, 1350 г",Rule 1,https://belok.ua/ua/protein-480-g-shokolad-1/,4435.0,,True,В наявності | Новинки,2026-09-11 08:47
52359,Whey Isolate  - 29 г,Rule 1,https://belok.ua/ua/r1-protein-29-g/,115.0,,True,В наявності,2026-09-11 08:47
53487,Whey Protein Build 2.0 - 500 г,Everbuild Nutrition,https://belok.ua/ua/whey-protein-build-20-2270-g-solona-karamel/,759.0,,False,,2026-09-11 08:47
53444,Ultra Hydrolezed ISO Build - 908 г,Everbuild Nutrition,https://belok.ua/ua/iso-build-protein-isolate-28-g-pechivokrem/,1799.0,,False,Хіт продажу,2026-09-11 08:47
53469,Ultra Premium Whey Protein Build - 908 г,Everbuild Nutrition,https://belok.ua/ua/ultra-premium-whey-protein-build/,1377.0,,False,Хіт продажу,2026-09-11 08:47
53380,Micellar Casein Build - 908 г,Everbuild Nutrition,https://belok.ua/ua/micellar-casein-build-1816-g-shokolad-1/,1245.0,,False,,2026-09-11 08:47
50321,"100% Whey Gold Standard - 2,27 кг",Optimum Nutrition,https://belok.ua/ua/100-whey-gold-standard/,4999.0,5555.0,True,-10% | В наявності,2026-09-12 08:31
52527,Whey-Pro FUSION - 1 кг,Amix,https://belok.ua/ua/whey-pro-fusion-1000-g-banana-1/,2157.0,,True,В наявності | Хіт продажу,2026-09-12 08:31
53716,100% Standard Whey - 2 кг,Sporter,https://belok.ua/ua/100-standart-whey/,2999.0,,True,В наявності | Хіт продажу,2026-09-12 08:31
53732,100% Isolate - 700 г,Sporter,https://belok.ua/ua/100-isolate/,1598.0,,True,В наявності | Хіт продажу,2026-09-12 08:31
52330,Whey Protein - 890 г,Rule 1,https://belok.ua/ua/whey-blend-462-g-vanilnyj-krem-1/,2098.0,,True,В наявності,2026-09-12 08:31
52331,"Whey Protein - 2,2 кг",Rule 1,https://belok.ua/ua/whey-blend-462-g-vanilnyj-krem-1/,3789.0,,True,В наявності,2026-09-12 08:31
53731,"100% Isolate - 1,8 кг",Sporter,https://belok.ua/ua/100-isolate/,3299.0,,True,В наявності | Хіт продажу,2026-09-12 08:31
50320,100% Whey Gold Standard - 909 г,Optimum Nutrition,https://belok.ua/ua/100-whey-gold-standard/,2259.0,2526.0,True,-11% | В наявності,2026-09-12 08:31
52337,"R1 Casein - 1,8 кг",Rule 1,https://belok.ua/ua/casein-948-g-shokolad-1/,3498.0,,True,В наявності,2026-09-12 08:31
52789,"Anabolic Monster Beef Protein - 2,2 кг",Amix,https://belok.ua/ua/anabolic-monster-beef-protein-1000-g-forest-fruits-1/,2898.0,,True,В наявності,2026-09-12 08:31
32263,Whey Protein - 462 г - Ванільний крем,Rule 1,https://belok.ua/ua/whey-blend-462-g-vanilnyj-krem/,1235.0,,True,В наявності,2026-09-12 08:31
53068,100% Whey Protein - 2250 г,Nutrend,https://belok.ua/ua/100-whey-protein-1000-g-vanil-1/,4498.0,,True,В наявності,2026-09-12 08:31
52503,GreenDay Vege Fiit Protein - 720 г,Amix,https://belok.ua/ua/greenday-vege-fiit-protein-720-g-double-chocolate-1/,1075.0,,True,В наявності,2026-09-12 08:31
52842,IsoPrime CFM - 2 кг,Amix,https://belok.ua/ua/isoprime-cfm-500g-cookies-cream-1/,5588.0,,True,В наявності,2026-09-12 08:31
39636,Soy Protein Isolate - 390 г,Ostrovit,https://belok.ua/ua/soy-protein-isolate-390-g/,325.0,,True,В наявності,2026-09-12 08:31
50612,Protein MIX - 1 кг,Power Pro,https://belok.ua/ua/power-pro-protein-mix/,1750.0,,True,В наявності,2026-09-12 08:31
52506,Amix Gold Whey Protein Isolate - 2280 г,Amix,https://belok.ua/ua/gold-whey-protein-isolate-2280-g-banana-1/,5799.0,,True,В наявності,2026-09-12 08:31
52749,IsoPrime CFM - 1 кг,Amix,https://belok.ua/ua/isoprime-cfm-500g-cookies-cream-1/,2997.0,,True,В наявності,2026-09-12 08:31
50614,Whey Protein - 1 кг,Power Pro,https://belok.ua/ua/power-pro-whey-protein/,1810.0,,True,В наявності,2026-09-12 08:31
52336,R1 Casein - 0.9 кг,Rule 1,https://belok.ua/ua/casein-948-g-shokolad-1/,1975.0,,True,В наявності,2026-09-12 08:31
52788,Anabolic Monster Beef Protein - 1 кг,Amix,https://belok.ua/ua/anabolic-monster-beef-protein-1000-g-forest-fruits-1/,1555.0,,True,В наявності,2026-09-12 08:31
52529,"Whey-Pro FUSION - 2,3 кг",Amix,https://belok.ua/ua/whey-pro-fusion-1000-g-banana-1/,4549.0,,True,В наявності | Хіт продажу,2026-09-12 08:31
54109,"Protein Whey Isolate, 1350 г",Rule 1,https://belok.ua/ua/protein-480-g-shokolad-1/,4435.0,,True,В наявності | Новинки,2026-09-12 08:31
52359,Whey Isolate  - 29 г,Rule 1,https://belok.ua/ua/r1-protein-29-g/,115.0,,True,В наявності,2026-09-12 08:31
32859,Whey Protein - 455 г - Шоколад,Rule 1,https://belok.ua/ua/r1-whey-blend-476-g-shokolad/,1235.0,,True,В наявності,2026-09-12 08:31
53069,100% Whey Protein - 400 г,Nutrend,https://belok.ua/ua/100-whey-protein-1000-g-vanil-1/,939.0,,True,В наявності,2026-09-12 08:31
52917,Whey Protein - 34 г,Rule 1,https://belok.ua/ua/whey-blend-462-g-vanilnyj-krem-1/,95.0,,True,В наявності,2026-09-12 08:31
39681,Protein Shot - 60 мл - апельсин,Nutrend,https://belok.ua/ua/protein-shot-60-ml-120-apelsin/,95.0,,True,В наявності,2026-09-12 08:31
50613,Femine-PRO - 1 кг,Power Pro,https://belok.ua/ua/power-pro-femine-pro/,1845.0,,True,В наявності,2026-09-12 08:31
52526,Whey-Pro FUSION - 30 г,Amix,https://belok.ua/ua/whey-pro-fusion-1000-g-banana-1/,85.0,,True,В наявності,2026-09-12 08:31
52985,Iso Whey ProZero - 500 г,Nutrend,https://belok.ua/ua/iso-whey-prozero-2250-g-bilij-shokolad-1/,1588.0,,True,В наявності,2026-09-12 08:31
53975,"100% Whey Protein, 800 г",Nutrend,https://belok.ua/ua/100-whey-protein-1000-g-vanil-1/,1799.0,,True,В наявності,2026-09-12 08:31
54123,"Source 7 Protein, 820 г",Rule 1,https://belok.ua/ua/source-7-protein/,1555.0,,True,В наявності | Новинки,2026-09-12 08:31
53829,HydroBeef® Protein - 1000 г,Amix,https://belok.ua/ua/hydrobeef-protein/,1599.0,,True,В наявності,2026-09-12 08:31
54125,"Source 7 Protein, 41 г",Rule 1,https://belok.ua/ua/source-7-protein/,59.0,,True,В наявності | Новинки,2026-09-12 08:31
54070,"HydroBeef High Class Protein, 2000 г",Amix,https://belok.ua/ua/hydrobeef-protein/,2977.0,,True,В наявності,2026-09-12 08:31
54124,"Source 7 Protein, 1800 г",Rule 1,https://belok.ua/ua/source-7-protein/,3268.0,,True,В наявності | Новинки,2026-09-12 08:31
52305,Vegan Protein - 500 г,IronMaxx,https://belok.ua/ua/vegan-protein-500-g-paket-shokolad-1/,897.0,,True,В наявності,2026-09-12 08:31
53310,Clear BEEF Protein - 1 кг - чорна смородина - ківі,Sporter,https://belok.ua/ua/clear-beef-protein-1-kg-chorna-smorodina-kivi/,1140.0,,True,В наявності,2026-09-12 08:31
52106,100% Whey Protein - 2350 г,IronMaxx,https://belok.ua/ua/100-whey-protein-2350-gr-banka-francuzskaya-vanil-1/,4999.0,,False,,2026-09-12 08:31
52528,Whey-Pro FUSION - 500 г,Amix,https://belok.ua/ua/whey-pro-fusion-1000-g-banana-1/,1155.0,,False,Хіт продажу,2026-09-12 08:31
53717,100% Standard Whey - 900 г,Sporter,https://belok.ua/ua/100-standart-whey/,1579.0,,False,Хіт продажу,2026-09-12 08:31
52327,"Whey Isolate - 2,3 кг",Rule 1,https://belok.ua/ua/protein-480-g-shokolad-1/,6497.0,,False,,2026-09-12 08:31
50357,"Platinum Hydrowhey - 1,59 кг",Optimum Nutrition,https://belok.ua/ua/optimum-nutrition-platinum-hydrowhey/,5300.0,,False,,2026-09-12 08:31
52530,IsoPrime CFM - 500 г,Amix,https://belok.ua/ua/isoprime-cfm-500g-cookies-cream-1/,1649.0,,False,,2026-09-12 08:31
52326,Whey Isolate - 899 г,Rule 1,https://belok.ua/ua/protein-480-g-shokolad-1/,2799.0,,False,,2026-09-12 08:31
53071,100% Whey Protein - 30 г,Nutrend,https://belok.ua/ua/100-whey-protein-1000-g-vanil-1/,95.0,,False,,2026-09-12 08:31
53933,Soy Isolate - 1кг - шоколад,Sporter,https://belok.ua/ua/soy-isolate-1kg-shokolad/,738.0,,False,,2026-09-12 08:31
53777,Whey Core - 1800 г,Nutrend,https://belok.ua/ua/whey-core/,2885.0,,False,,2026-09-12 08:31
52107,100% Whey Protein - 900 г,IronMaxx,https://belok.ua/ua/100-whey-protein-2350-gr-banka-francuzskaya-vanil-1/,2248.0,,False,Хіт продажу,2026-09-12 08:31
53067,100% Whey Protein - 1000 г,Nutrend,https://belok.ua/ua/100-whey-protein-1000-g-vanil-1/,1899.0,,False,,2026-09-12 08:31
53467,Ultra Premium Whey Protein Build - 34 г,Everbuild Nutrition,https://belok.ua/ua/ultra-premium-whey-protein-build/,55.0,,False,,2026-09-12 08:31
52532,ZeroPro Protein - 1 кг,Amix,https://belok.ua/ua/zeropro-protein-1000-g-creamy-vanilla-cheescake-1/,2595.0,,False,,2026-09-12 08:31
50043,"Syntha-6 - 2,27 кг",BSN,https://belok.ua/ua/bsn-syntha-6/,3985.0,,False,,2026-09-12 08:31
52533,ZeroPro Protein - 2 кг,Amix,https://belok.ua/ua/zeropro-protein-1000-g-creamy-vanilla-cheescake-1/,4999.0,,False,,2026-09-12 08:31
52993,Whey 100% Protein - 1 кг,Sporter,https://belok.ua/ua/whey-100-protein-1-kg-polunicya-1/,1658.0,,False,,2026-09-12 08:31
52994,Whey 100% Protein (lactose free) - 1 кг,Sporter,https://belok.ua/ua/whey-100-protein-1-kg-vanil-lactose-free-1/,1699.0,,False,,2026-09-12 08:31
50337,100% Gold Standard Casein - 850 грам,Optimum Nutrition,https://belok.ua/ua/optimum-nutrition-100-gold-standard-casein/,2099.0,,False,,2026-09-12 08:31
52531,ZeroPro Protein - 35 г,Amix,https://belok.ua/ua/zeropro-protein-1000-g-creamy-vanilla-cheescake-1/,110.0,,False,,2026-09-12 08:31
53596,Whey Isolate - 480 г,Rule 1,https://belok.ua/ua/protein-480-g-shokolad-1/,1449.0,,False,,2026-09-12 08:31
53836,100% Whey Protein - 700 г,Ostrovit,https://belok.ua/ua/100-whey-protein/,999.0,,False,,2026-09-12 08:31
52757,AmixPro Micelle HD Casein - 700 г,Amix,https://belok.ua/ua/amixpro-micelle-hd-casein-700-g-2/,1199.0,,False,,2026-09-12 08:31
53778,Whey Core - 32 г,Nutrend,https://belok.ua/ua/whey-core/,78.0,,False,,2026-09-12 08:31
52108,100% Whey Protein - 500 г,IronMaxx,https://belok.ua/ua/100-whey-protein-2350-gr-banka-francuzskaya-vanil-1/,1097.0,,False,Хіт продажу,2026-09-12 08:31
50338,"100% Gold Standard Casein - 1,8 кг",Optimum Nutrition,https://belok.ua/ua/optimum-nutrition-100-gold-standard-casein/,3698.0,,False,,2026-09-12 08:31
52984,Iso Whey ProZero - 2250 г,Nutrend,https://belok.ua/ua/iso-whey-prozero-2250-g-bilij-shokolad-1/,4359.0,,False,,2026-09-12 08:31
50042,"Syntha-6 - 1,32 кг",BSN,https://belok.ua/ua/bsn-syntha-6/,2448.0,,False,,2026-09-12 08:31
53444,Ultra Hydrolezed ISO Build - 908 г,Everbuild Nutrition,https://belok.ua/ua/iso-build-protein-isolate-28-g-pechivokrem/,1799.0,,False,Хіт продажу,2026-09-12 08:31
53469,Ultra Premium Whey Protein Build - 908 г,Everbuild Nutrition,https://belok.ua/ua/ultra-premium-whey-protein-build/,1377.0,,False,Хіт продажу,2026-09-12 08:31
53380,Micellar Casein Build - 908 г,Everbuild Nutrition,https://belok.ua/ua/micellar-casein-build-1816-g-shokolad-1/,1245.0,,False,,2026-09-12 08:31
53487,Whey Protein Build 2.0 - 500 г,Everbuild Nutrition,https://belok.ua/ua/whey-protein-build-20-2270-g-solona-karamel/,759.0,,False,,2026-09-12 08:31
53443,Ultra Hydrolezed ISO Build - 2270 г,Everbuild Nutrition,https://belok.ua/ua/iso-build-protein-isolate-28-g-pechivokrem/,4099.0,,False,Хіт продажу,2026-09-12 08:31
53489,Whey Protein Build 2.0 - 2270 г,Everbuild Nutrition,https://belok.ua/ua/whey-protein-build-20-2270-g-solona-karamel/,2657.0,,False,,2026-09-12 08:31
53445,Ultra Hydrolezed ISO Build - 454 г,Everbuild Nutrition,https://belok.ua/ua/iso-build-protein-isolate-28-g-pechivokrem/,999.0,,False,,2026-09-12 08:31
53468,Ultra Premium Whey Protein Build - 2271 г,Everbuild Nutrition,https://belok.ua/ua/ultra-premium-whey-protein-build/,2658.0,,False,Хіт продажу,2026-09-12 08:31
53378,Micellar Casein Build - 1816 г,Everbuild Nutrition,https://belok.ua/ua/micellar-casein-build-1816-g-shokolad-1/,2335.0,,False,,2026-09-12 08:31
53470,Ultra Premium Whey Protein Build - 454 г,Everbuild Nutrition,https://belok.ua/ua/ultra-premium-whey-protein-build/,788.0,,False,,2026-09-12 08:31
53442,Ultra Hydrolezed ISO Build - 28 г,Everbuild Nutrition,https://belok.ua/ua/iso-build-protein-isolate-28-g-pechivokrem/,67.0,,False,,2026-09-12 08:31
53488,Whey Protein Build 2.0 - 1000 г,Everbuild Nutrition,https://belok.ua/ua/whey-protein-build-20-2270-g-solona-karamel/,1245.0,,False,,2026-09-12 08:31
52790,Anabolic Monster Beef Protein - 33 г,Amix,https://belok.ua/ua/anabolic-monster-beef-protein-1000-g-forest-fruits-1/,79.0,,False,,2026-09-12 08:31
53779,Whey Core - 900 г,Nutrend,https://belok.ua/ua/whey-core/,1575.0,,False,,2026-09-12 08:31
52504,Amix Gourmet Protein - 1 кг,Amix,https://belok.ua/ua/gourmet-protein-1000g-strawberry-white-choco-1/,1855.0,,False,,2026-09-12 08:31
50321,"100% Whey Gold Standard - 2,27 кг",Optimum Nutrition,https://belok.ua/ua/100-whey-gold-standard/,4999.0,5555.0,True,-10% | В наявності,2026-09-13 08:30
52527,Whey-Pro FUSION - 1 кг,Amix,https://belok.ua/ua/whey-pro-fusion-1000-g-banana-1/,2157.0,,True,В наявності | Хіт продажу,2026-09-13 08:30
53716,100% Standard Whey - 2 кг,Sporter,https://belok.ua/ua/100-standart-whey/,2999.0,,True,В наявності | Хіт продажу,2026-09-13 08:30
53732,100% Isolate - 700 г,Sporter,https://belok.ua/ua/100-isolate/,1598.0,,True,В наявності | Хіт продажу,2026-09-13 08:30
52330,Whey Protein - 890 г,Rule 1,https://belok.ua/ua/whey-blend-462-g-vanilnyj-krem-1/,2098.0,,True,В наявності,2026-09-13 08:30
52331,"Whey Protein - 2,2 кг",Rule 1,https://belok.ua/ua/whey-blend-462-g-vanilnyj-krem-1/,3789.0,,True,В наявності,2026-09-13 08:30
53731,"100% Isolate - 1,8 кг",Sporter,https://belok.ua/ua/100-isolate/,3299.0,,True,В наявності | Хіт продажу,2026-09-13 08:30
50320,100% Whey Gold Standard - 909 г,Optimum Nutrition,https://belok.ua/ua/100-whey-gold-standard/,2259.0,2526.0,True,-11% | В наявності,2026-09-13 08:30
52337,"R1 Casein - 1,8 кг",Rule 1,https://belok.ua/ua/casein-948-g-shokolad-1/,3498.0,,True,В наявності,2026-09-13 08:30
52789,"Anabolic Monster Beef Protein - 2,2 кг",Amix,https://belok.ua/ua/anabolic-monster-beef-protein-1000-g-forest-fruits-1/,2898.0,,True,В наявності,2026-09-13 08:30
32263,Whey Protein - 462 г - Ванільний крем,Rule 1,https://belok.ua/ua/whey-blend-462-g-vanilnyj-krem/,1235.0,,True,В наявності,2026-09-13 08:30
53068,100% Whey Protein - 2250 г,Nutrend,https://belok.ua/ua/100-whey-protein-1000-g-vanil-1/,4498.0,,True,В наявності,2026-09-13 08:30
52503,GreenDay Vege Fiit Protein - 720 г,Amix,https://belok.ua/ua/greenday-vege-fiit-protein-720-g-double-chocolate-1/,1075.0,,True,В наявності,2026-09-13 08:30
52842,IsoPrime CFM - 2 кг,Amix,https://belok.ua/ua/isoprime-cfm-500g-cookies-cream-1/,5588.0,,True,В наявності,2026-09-13 08:30
39636,Soy Protein Isolate - 390 г,Ostrovit,https://belok.ua/ua/soy-protein-isolate-390-g/,325.0,,True,В наявності,2026-09-13 08:30
50612,Protein MIX - 1 кг,Power Pro,https://belok.ua/ua/power-pro-protein-mix/,1750.0,,True,В наявності,2026-09-13 08:30
52506,Amix Gold Whey Protein Isolate - 2280 г,Amix,https://belok.ua/ua/gold-whey-protein-isolate-2280-g-banana-1/,5799.0,,True,В наявності,2026-09-13 08:30
52749,IsoPrime CFM - 1 кг,Amix,https://belok.ua/ua/isoprime-cfm-500g-cookies-cream-1/,2997.0,,True,В наявності,2026-09-13 08:30
50614,Whey Protein - 1 кг,Power Pro,https://belok.ua/ua/power-pro-whey-protein/,1810.0,,True,В наявності,2026-09-13 08:30
52336,R1 Casein - 0.9 кг,Rule 1,https://belok.ua/ua/casein-948-g-shokolad-1/,1975.0,,True,В наявності,2026-09-13 08:30
52788,Anabolic Monster Beef Protein - 1 кг,Amix,https://belok.ua/ua/anabolic-monster-beef-protein-1000-g-forest-fruits-1/,1555.0,,True,В наявності,2026-09-13 08:30
52529,"Whey-Pro FUSION - 2,3 кг",Amix,https://belok.ua/ua/whey-pro-fusion-1000-g-banana-1/,4549.0,,True,В наявності | Хіт продажу,2026-09-13 08:30
54109,"Protein Whey Isolate, 1350 г",Rule 1,https://belok.ua/ua/protein-480-g-shokolad-1/,4435.0,,True,В наявності,2026-09-13 08:30
52359,Whey Isolate  - 29 г,Rule 1,https://belok.ua/ua/r1-protein-29-g/,115.0,,True,В наявності,2026-09-13 08:30
32859,Whey Protein - 455 г - Шоколад,Rule 1,https://belok.ua/ua/r1-whey-blend-476-g-shokolad/,1235.0,,True,В наявності,2026-09-13 08:30
52305,Vegan Protein - 500 г,IronMaxx,https://belok.ua/ua/vegan-protein-500-g-paket-shokolad-1/,897.0,,True,В наявності,2026-09-13 08:30
54124,"Source 7 Protein, 1800 г",Rule 1,https://belok.ua/ua/source-7-protein/,3268.0,,True,В наявності,2026-09-13 08:30
53310,Clear BEEF Protein - 1 кг - чорна смородина - ківі,Sporter,https://belok.ua/ua/clear-beef-protein-1-kg-chorna-smorodina-kivi/,1140.0,,True,В наявності,2026-09-13 08:30
54123,"Source 7 Protein, 820 г",Rule 1,https://belok.ua/ua/source-7-protein/,1555.0,,True,В наявності,2026-09-13 08:30
53829,HydroBeef® Protein - 1000 г,Amix,https://belok.ua/ua/hydrobeef-protein/,1599.0,,True,В наявності,2026-09-13 08:30
54125,"Source 7 Protein, 41 г",Rule 1,https://belok.ua/ua/source-7-protein/,59.0,,True,В наявності,2026-09-13 08:30
54070,"HydroBeef High Class Protein, 2000 г",Amix,https://belok.ua/ua/hydrobeef-protein/,2977.0,,True,В наявності,2026-09-13 08:30
52106,100% Whey Protein - 2350 г,IronMaxx,https://belok.ua/ua/100-whey-protein-2350-gr-banka-francuzskaya-vanil-1/,4999.0,,False,,2026-09-13 08:30
52528,Whey-Pro FUSION - 500 г,Amix,https://belok.ua/ua/whey-pro-fusion-1000-g-banana-1/,1155.0,,False,Хіт продажу,2026-09-13 08:30
53717,100% Standard Whey - 900 г,Sporter,https://belok.ua/ua/100-standart-whey/,1579.0,,False,Хіт продажу,2026-09-13 08:30
52327,"Whey Isolate - 2,3 кг",Rule 1,https://belok.ua/ua/protein-480-g-shokolad-1/,6497.0,,False,,2026-09-13 08:30
50357,"Platinum Hydrowhey - 1,59 кг",Optimum Nutrition,https://belok.ua/ua/optimum-nutrition-platinum-hydrowhey/,5300.0,,False,,2026-09-13 08:30
52504,Amix Gourmet Protein - 1 кг,Amix,https://belok.ua/ua/gourmet-protein-1000g-strawberry-white-choco-1/,1855.0,,False,,2026-09-13 08:30
52530,IsoPrime CFM - 500 г,Amix,https://belok.ua/ua/isoprime-cfm-500g-cookies-cream-1/,1649.0,,False,,2026-09-13 08:30
52326,Whey Isolate - 899 г,Rule 1,https://belok.ua/ua/protein-480-g-shokolad-1/,2799.0,,False,,2026-09-13 08:30
53071,100% Whey Protein - 30 г,Nutrend,https://belok.ua/ua/100-whey-protein-1000-g-vanil-1/,95.0,,False,,2026-09-13 08:30
53933,Soy Isolate - 1кг - шоколад,Sporter,https://belok.ua/ua/soy-isolate-1kg-shokolad/,738.0,,False,,2026-09-13 08:30
52107,100% Whey Protein - 900 г,IronMaxx,https://belok.ua/ua/100-whey-protein-2350-gr-banka-francuzskaya-vanil-1/,2248.0,,False,Хіт продажу,2026-09-13 08:30
53067,100% Whey Protein - 1000 г,Nutrend,https://belok.ua/ua/100-whey-protein-1000-g-vanil-1/,1899.0,,False,,2026-09-13 08:30
52790,Anabolic Monster Beef Protein - 33 г,Amix,https://belok.ua/ua/anabolic-monster-beef-protein-1000-g-forest-fruits-1/,79.0,,False,,2026-09-13 08:30
53779,Whey Core - 900 г,Nutrend,https://belok.ua/ua/whey-core/,1575.0,,False,,2026-09-13 08:30
53467,Ultra Premium Whey Protein Build - 34 г,Everbuild Nutrition,https://belok.ua/ua/ultra-premium-whey-protein-build/,55.0,,False,,2026-09-13 08:30
52532,ZeroPro Protein - 1 кг,Amix,https://belok.ua/ua/zeropro-protein-1000-g-creamy-vanilla-cheescake-1/,2595.0,,False,,2026-09-13 08:30
50043,"Syntha-6 - 2,27 кг",BSN,https://belok.ua/ua/bsn-syntha-6/,3985.0,,False,,2026-09-13 08:30
52533,ZeroPro Protein - 2 кг,Amix,https://belok.ua/ua/zeropro-protein-1000-g-creamy-vanilla-cheescake-1/,4999.0,,False,,2026-09-13 08:30
52993,Whey 100% Protein - 1 кг,Sporter,https://belok.ua/ua/whey-100-protein-1-kg-polunicya-1/,1658.0,,False,,2026-09-13 08:30
52994,Whey 100% Protein (lactose free) - 1 кг,Sporter,https://belok.ua/ua/whey-100-protein-1-kg-vanil-lactose-free-1/,1699.0,,False,,2026-09-13 08:30
52108,100% Whey Protein - 500 г,IronMaxx,https://belok.ua/ua/100-whey-protein-2350-gr-banka-francuzskaya-vanil-1/,1097.0,,False,Хіт продажу,2026-09-13 08:30
50338,"100% Gold Standard Casein - 1,8 кг",Optimum Nutrition,https://belok.ua/ua/optimum-nutrition-100-gold-standard-casein/,3698.0,,False,,2026-09-13 08:30
52984,Iso Whey ProZero - 2250 г,Nutrend,https://belok.ua/ua/iso-whey-prozero-2250-g-bilij-shokolad-1/,4359.0,,False,,2026-09-13 08:30
50042,"Syntha-6 - 1,32 кг",BSN,https://belok.ua/ua/bsn-syntha-6/,2448.0,,False,,2026-09-13 08:30
50337,100% Gold Standard Casein - 850 грам,Optimum Nutrition,https://belok.ua/ua/optimum-nutrition-100-gold-standard-casein/,2099.0,,False,,2026-09-13 08:30
52531,ZeroPro Protein - 35 г,Amix,https://belok.ua/ua/zeropro-protein-1000-g-creamy-vanilla-cheescake-1/,110.0,,False,,2026-09-13 08:30
53596,Whey Isolate - 480 г,Rule 1,https://belok.ua/ua/protein-480-g-shokolad-1/,1449.0,,False,,2026-09-13 08:30
53836,100% Whey Protein - 700 г,Ostrovit,https://belok.ua/ua/100-whey-protein/,999.0,,False,,2026-09-13 08:30
52757,AmixPro Micelle HD Casein - 700 г,Amix,https://belok.ua/ua/amixpro-micelle-hd-casein-700-g-2/,1199.0,,False,,2026-09-13 08:30
53778,Whey Core - 32 г,Nutrend,https://belok.ua/ua/whey-core/,78.0,,False,,2026-09-13 08:30
53489,Whey Protein Build 2.0 - 2270 г,Everbuild Nutrition,https://belok.ua/ua/whey-protein-build-20-2270-g-solona-karamel/,2657.0,,False,,2026-09-13 08:30
53445,Ultra Hydrolezed ISO Build - 454 г,Everbuild Nutrition,https://belok.ua/ua/iso-build-protein-isolate-28-g-pechivokrem/,999.0,,False,,2026-09-13 08:30
53468,Ultra Premium Whey Protein Build - 2271 г,Everbuild Nutrition,https://belok.ua/ua/ultra-premium-whey-protein-build/,2658.0,,False,Хіт продажу,2026-09-13 08:30
53378,Micellar Casein Build - 1816 г,Everbuild Nutrition,https://belok.ua/ua/micellar-casein-build-1816-g-shokolad-1/,2335.0,,False,,2026-09-13 08:30
53470,Ultra Premium Whey Protein Build - 454 г,Everbuild Nutrition,https://belok.ua/ua/ultra-premium-whey-protein-build/,788.0,,False,,2026-09-13 08:30
53442,Ultra Hydrolezed ISO Build - 28 г,Everbuild Nutrition,https://belok.ua/ua/iso-build-protein-isolate-28-g-pechivokrem/,67.0,,False,,2026-09-13 08:30
53488,Whey Protein Build 2.0 - 1000 г,Everbuild Nutrition,https://belok.ua/ua/whey-protein-build-20-2270-g-solona-karamel/,1245.0,,False,,2026-09-13 08:30
53444,Ultra Hydrolezed ISO Build - 908 г,Everbuild Nutrition,https://belok.ua/ua/iso-build-protein-isolate-28-g-pechivokrem/,1799.0,,False,Хіт продажу,2026-09-13 08:30
53069,100% Whey Protein - 400 г,Nutrend,https://belok.ua/ua/100-whey-protein-1000-g-vanil-1/,939.0,,True,В наявності,2026-09-13 08:30
52917,Whey Protein - 34 г,Rule 1,https://belok.ua/ua/whey-blend-462-g-vanilnyj-krem-1/,95.0,,True,В наявності,2026-09-13 08:30
39681,Protein Shot - 60 мл - апельсин,Nutrend,https://belok.ua/ua/protein-shot-60-ml-120-apelsin/,95.0,,True,В наявності,2026-09-13 08:30
50613,Femine-PRO - 1 кг,Power Pro,https://belok.ua/ua/power-pro-femine-pro/,1845.0,,True,В наявності,2026-09-13 08:30
52526,Whey-Pro FUSION - 30 г,Amix,https://belok.ua/ua/whey-pro-fusion-1000-g-banana-1/,85.0,,True,В наявності,2026-09-13 08:30
52985,Iso Whey ProZero - 500 г,Nutrend,https://belok.ua/ua/iso-whey-prozero-2250-g-bilij-shokolad-1/,1588.0,,True,В наявності,2026-09-13 08:30
53975,"100% Whey Protein, 800 г",Nutrend,https://belok.ua/ua/100-whey-protein-1000-g-vanil-1/,1799.0,,True,В наявності,2026-09-13 08:30
54104,"Protein Whey Isolate, 660 г",Rule 1,https://belok.ua/ua/protein-480-g-shokolad-1/,2335.0,,True,В наявності,2026-09-13 08:30
53777,Whey Core - 1800 г,Nutrend,https://belok.ua/ua/whey-core/,2885.0,,False,,2026-09-13 08:30
53469,Ultra Premium Whey Protein Build - 908 г,Everbuild Nutrition,https://belok.ua/ua/ultra-premium-whey-protein-build/,1377.0,,False,Хіт продажу,2026-09-13 08:30
53380,Micellar Casein Build - 908 г,Everbuild Nutrition,https://belok.ua/ua/micellar-casein-build-1816-g-shokolad-1/,1245.0,,False,,2026-09-13 08:30
53487,Whey Protein Build 2.0 - 500 г,Everbuild Nutrition,https://belok.ua/ua/whey-protein-build-20-2270-g-solona-karamel/,759.0,,False,,2026-09-13 08:30
53443,Ultra Hydrolezed ISO Build - 2270 г,Everbuild Nutrition,https://belok.ua/ua/iso-build-protein-isolate-28-g-pechivokrem/,4099.0,,False,Хіт продажу,2026-09-13 08:30
50321,"100% Whey Gold Standard - 2,27 кг",Optimum Nutrition,https://belok.ua/ua/100-whey-gold-standard/,4999.0,5555.0,True,-10% | В наявності,2026-09-14 09:12
52527,Whey-Pro FUSION - 1 кг,Amix,https://belok.ua/ua/whey-pro-fusion-1000-g-banana-1/,2157.0,,True,В наявності | Хіт продажу,2026-09-14 09:12
53716,100% Standard Whey - 2 кг,Sporter,https://belok.ua/ua/100-standart-whey/,2999.0,,True,В наявності | Хіт продажу,2026-09-14 09:12
53732,100% Isolate - 700 г,Sporter,https://belok.ua/ua/100-isolate/,1598.0,,True,В наявності | Хіт продажу,2026-09-14 09:12
52331,"Whey Protein - 2,2 кг",Rule 1,https://belok.ua/ua/whey-blend-462-g-vanilnyj-krem-1/,3789.0,,True,В наявності,2026-09-14 09:12
52330,Whey Protein - 890 г,Rule 1,https://belok.ua/ua/whey-blend-462-g-vanilnyj-krem-1/,2098.0,,True,В наявності,2026-09-14 09:12
53731,"100% Isolate - 1,8 кг",Sporter,https://belok.ua/ua/100-isolate/,3299.0,,True,В наявності | Хіт продажу,2026-09-14 09:12
50320,100% Whey Gold Standard - 909 г,Optimum Nutrition,https://belok.ua/ua/100-whey-gold-standard/,2259.0,2526.0,True,-11% | В наявності,2026-09-14 09:12
32859,Whey Protein - 455 г - Шоколад,Rule 1,https://belok.ua/ua/r1-whey-blend-476-g-shokolad/,1235.0,,True,В наявності,2026-09-14 09:12
53069,100% Whey Protein - 400 г,Nutrend,https://belok.ua/ua/100-whey-protein-1000-g-vanil-1/,939.0,,True,В наявності,2026-09-14 09:12
52917,Whey Protein - 34 г,Rule 1,https://belok.ua/ua/whey-blend-462-g-vanilnyj-krem-1/,95.0,,True,В наявності,2026-09-14 09:12
39681,Protein Shot - 60 мл - апельсин,Nutrend,https://belok.ua/ua/protein-shot-60-ml-120-apelsin/,95.0,,True,В наявності,2026-09-14 09:12
50613,Femine-PRO - 1 кг,Power Pro,https://belok.ua/ua/power-pro-femine-pro/,1845.0,,True,В наявності,2026-09-14 09:12
52526,Whey-Pro FUSION - 30 г,Amix,https://belok.ua/ua/whey-pro-fusion-1000-g-banana-1/,85.0,,True,В наявності,2026-09-14 09:12
52985,Iso Whey ProZero - 500 г,Nutrend,https://belok.ua/ua/iso-whey-prozero-2250-g-bilij-shokolad-1/,1588.0,,True,В наявності,2026-09-14 09:12
53975,"100% Whey Protein, 800 г",Nutrend,https://belok.ua/ua/100-whey-protein-1000-g-vanil-1/,1799.0,,True,В наявності,2026-09-14 09:12
54104,"Protein Whey Isolate, 660 г",Rule 1,https://belok.ua/ua/protein-480-g-shokolad-1/,2335.0,,True,В наявності,2026-09-14 09:12
52337,"R1 Casein - 1,8 кг",Rule 1,https://belok.ua/ua/casein-948-g-shokolad-1/,3498.0,,True,В наявності,2026-09-14 09:12
52789,"Anabolic Monster Beef Protein - 2,2 кг",Amix,https://belok.ua/ua/anabolic-monster-beef-protein-1000-g-forest-fruits-1/,2898.0,,True,В наявності,2026-09-14 09:12
32263,Whey Protein - 462 г - Ванільний крем,Rule 1,https://belok.ua/ua/whey-blend-462-g-vanilnyj-krem/,1235.0,,True,В наявності,2026-09-14 09:12
53068,100% Whey Protein - 2250 г,Nutrend,https://belok.ua/ua/100-whey-protein-1000-g-vanil-1/,4498.0,,True,В наявності,2026-09-14 09:12
52503,GreenDay Vege Fiit Protein - 720 г,Amix,https://belok.ua/ua/greenday-vege-fiit-protein-720-g-double-chocolate-1/,1075.0,,True,В наявності,2026-09-14 09:12
52842,IsoPrime CFM - 2 кг,Amix,https://belok.ua/ua/isoprime-cfm-500g-cookies-cream-1/,5588.0,,True,В наявності,2026-09-14 09:12
39636,Soy Protein Isolate - 390 г,Ostrovit,https://belok.ua/ua/soy-protein-isolate-390-g/,325.0,,True,В наявності,2026-09-14 09:12
50612,Protein MIX - 1 кг,Power Pro,https://belok.ua/ua/power-pro-protein-mix/,1750.0,,True,В наявності,2026-09-14 09:12
53829,HydroBeef® Protein - 1000 г,Amix,https://belok.ua/ua/hydrobeef-protein/,1599.0,,True,В наявності,2026-09-14 09:12
54125,"Source 7 Protein, 41 г",Rule 1,https://belok.ua/ua/source-7-protein/,59.0,,True,В наявності,2026-09-14 09:12
54070,"HydroBeef High Class Protein, 2000 г",Amix,https://belok.ua/ua/hydrobeef-protein/,2977.0,,True,В наявності,2026-09-14 09:12
52305,Vegan Protein - 500 г,IronMaxx,https://belok.ua/ua/vegan-protein-500-g-paket-shokolad-1/,897.0,,True,В наявності,2026-09-14 09:12
54124,"Source 7 Protein, 1800 г",Rule 1,https://belok.ua/ua/source-7-protein/,3268.0,,True,В наявності,2026-09-14 09:12
53310,Clear BEEF Protein - 1 кг - чорна смородина - ківі,Sporter,https://belok.ua/ua/clear-beef-protein-1-kg-chorna-smorodina-kivi/,1140.0,,True,В наявності,2026-09-14 09:12
54123,"Source 7 Protein, 820 г",Rule 1,https://belok.ua/ua/source-7-protein/,1555.0,,True,В наявності,2026-09-14 09:12
52106,100% Whey Protein - 2350 г,IronMaxx,https://belok.ua/ua/100-whey-protein-2350-gr-banka-francuzskaya-vanil-1/,4999.0,,False,,2026-09-14 09:12
52528,Whey-Pro FUSION - 500 г,Amix,https://belok.ua/ua/whey-pro-fusion-1000-g-banana-1/,1155.0,,False,Хіт продажу,2026-09-14 09:12
53717,100% Standard Whey - 900 г,Sporter,https://belok.ua/ua/100-standart-whey/,1579.0,,False,Хіт продажу,2026-09-14 09:12
52327,"Whey Isolate - 2,3 кг",Rule 1,https://belok.ua/ua/protein-480-g-shokolad-1/,6497.0,,False,,2026-09-14 09:12
50357,"Platinum Hydrowhey - 1,59 кг",Optimum Nutrition,https://belok.ua/ua/optimum-nutrition-platinum-hydrowhey/,5300.0,,False,,2026-09-14 09:12
52326,Whey Isolate - 899 г,Rule 1,https://belok.ua/ua/protein-480-g-shokolad-1/,2799.0,,False,,2026-09-14 09:12
53071,100% Whey Protein - 30 г,Nutrend,https://belok.ua/ua/100-whey-protein-1000-g-vanil-1/,95.0,,False,,2026-09-14 09:12
53933,Soy Isolate - 1кг - шоколад,Sporter,https://belok.ua/ua/soy-isolate-1kg-shokolad/,738.0,,False,,2026-09-14 09:12
53777,Whey Core - 1800 г,Nutrend,https://belok.ua/ua/whey-core/,2885.0,,False,,2026-09-14 09:12
52107,100% Whey Protein - 900 г,IronMaxx,https://belok.ua/ua/100-whey-protein-2350-gr-banka-francuzskaya-vanil-1/,2248.0,,False,Хіт продажу,2026-09-14 09:12
53067,100% Whey Protein - 1000 г,Nutrend,https://belok.ua/ua/100-whey-protein-1000-g-vanil-1/,1899.0,,False,,2026-09-14 09:12
52790,Anabolic Monster Beef Protein - 33 г,Amix,https://belok.ua/ua/anabolic-monster-beef-protein-1000-g-forest-fruits-1/,79.0,,False,,2026-09-14 09:12
53779,Whey Core - 900 г,Nutrend,https://belok.ua/ua/whey-core/,1575.0,,False,,2026-09-14 09:12
53467,Ultra Premium Whey Protein Build - 34 г,Everbuild Nutrition,https://belok.ua/ua/ultra-premium-whey-protein-build/,55.0,,False,,2026-09-14 09:12
52532,ZeroPro Protein - 1 кг,Amix,https://belok.ua/ua/zeropro-protein-1000-g-creamy-vanilla-cheescake-1/,2595.0,,False,,2026-09-14 09:12
50043,"Syntha-6 - 2,27 кг",BSN,https://belok.ua/ua/bsn-syntha-6/,3985.0,,False,,2026-09-14 09:12
52533,ZeroPro Protein - 2 кг,Amix,https://belok.ua/ua/zeropro-protein-1000-g-creamy-vanilla-cheescake-1/,4999.0,,False,,2026-09-14 09:12
52993,Whey 100% Protein - 1 кг,Sporter,https://belok.ua/ua/whey-100-protein-1-kg-polunicya-1/,1658.0,,False,,2026-09-14 09:12
52994,Whey 100% Protein (lactose free) - 1 кг,Sporter,https://belok.ua/ua/whey-100-protein-1-kg-vanil-lactose-free-1/,1699.0,,False,,2026-09-14 09:12
52531,ZeroPro Protein - 35 г,Amix,https://belok.ua/ua/zeropro-protein-1000-g-creamy-vanilla-cheescake-1/,110.0,,False,,2026-09-14 09:12
53596,Whey Isolate - 480 г,Rule 1,https://belok.ua/ua/protein-480-g-shokolad-1/,1449.0,,False,,2026-09-14 09:12
53836,100% Whey Protein - 700 г,Ostrovit,https://belok.ua/ua/100-whey-protein/,999.0,,False,,2026-09-14 09:12
52757,AmixPro Micelle HD Casein - 700 г,Amix,https://belok.ua/ua/amixpro-micelle-hd-casein-700-g-2/,1199.0,,False,,2026-09-14 09:12
53778,Whey Core - 32 г,Nutrend,https://belok.ua/ua/whey-core/,78.0,,False,,2026-09-14 09:12
52108,100% Whey Protein - 500 г,IronMaxx,https://belok.ua/ua/100-whey-protein-2350-gr-banka-francuzskaya-vanil-1/,1097.0,,False,Хіт продажу,2026-09-14 09:12
50338,"100% Gold Standard Casein - 1,8 кг",Optimum Nutrition,https://belok.ua/ua/optimum-nutrition-100-gold-standard-casein/,3698.0,,False,,2026-09-14 09:12
52984,Iso Whey ProZero - 2250 г,Nutrend,https://belok.ua/ua/iso-whey-prozero-2250-g-bilij-shokolad-1/,4359.0,,False,,2026-09-14 09:12
50042,"Syntha-6 - 1,32 кг",BSN,https://belok.ua/ua/bsn-syntha-6/,2448.0,,False,,2026-09-14 09:12
50337,100% Gold Standard Casein - 850 грам,Optimum Nutrition,https://belok.ua/ua/optimum-nutrition-100-gold-standard-casein/,2099.0,,False,,2026-09-14 09:12
53469,Ultra Premium Whey Protein Build - 908 г,Everbuild Nutrition,https://belok.ua/ua/ultra-premium-whey-protein-build/,1377.0,,False,Хіт продажу,2026-09-14 09:12
53380,Micellar Casein Build - 908 г,Everbuild Nutrition,https://belok.ua/ua/micellar-casein-build-1816-g-shokolad-1/,1245.0,,False,,2026-09-14 09:12
53487,Whey Protein Build 2.0 - 500 г,Everbuild Nutrition,https://belok.ua/ua/whey-protein-build-20-2270-g-solona-karamel/,759.0,,False,,2026-09-14 09:12
53443,Ultra Hydrolezed ISO Build - 2270 г,Everbuild Nutrition,https://belok.ua/ua/iso-build-protein-isolate-28-g-pechivokrem/,4099.0,,False,Хіт продажу,2026-09-14 09:12
53470,Ultra Premium Whey Protein Build - 454 г,Everbuild Nutrition,https://belok.ua/ua/ultra-premium-whey-protein-build/,788.0,,False,,2026-09-14 09:12
53442,Ultra Hydrolezed ISO Build - 28 г,Everbuild Nutrition,https://belok.ua/ua/iso-build-protein-isolate-28-g-pechivokrem/,67.0,,False,,2026-09-14 09:12
53488,Whey Protein Build 2.0 - 1000 г,Everbuild Nutrition,https://belok.ua/ua/whey-protein-build-20-2270-g-solona-karamel/,1245.0,,False,,2026-09-14 09:12
53444,Ultra Hydrolezed ISO Build - 908 г,Everbuild Nutrition,https://belok.ua/ua/iso-build-protein-isolate-28-g-pechivokrem/,1799.0,,False,Хіт продажу,2026-09-14 09:12
52788,Anabolic Monster Beef Protein - 1 кг,Amix,https://belok.ua/ua/anabolic-monster-beef-protein-1000-g-forest-fruits-1/,1555.0,,True,В наявності,2026-09-14 09:12
52336,R1 Casein - 0.9 кг,Rule 1,https://belok.ua/ua/casein-948-g-shokolad-1/,1975.0,,True,В наявності,2026-09-14 09:12
52529,"Whey-Pro FUSION - 2,3 кг",Amix,https://belok.ua/ua/whey-pro-fusion-1000-g-banana-1/,4549.0,,True,В наявності | Хіт продажу,2026-09-14 09:12
54109,"Protein Whey Isolate, 1350 г",Rule 1,https://belok.ua/ua/protein-480-g-shokolad-1/,4435.0,,True,В наявності,2026-09-14 09:12
52359,Whey Isolate  - 29 г,Rule 1,https://belok.ua/ua/r1-protein-29-g/,115.0,,True,В наявності,2026-09-14 09:12
52530,IsoPrime CFM - 500 г,Amix,https://belok.ua/ua/isoprime-cfm-500g-cookies-cream-1/,1649.0,,False,,2026-09-14 09:12
52504,Amix Gourmet Protein - 1 кг,Amix,https://belok.ua/ua/gourmet-protein-1000g-strawberry-white-choco-1/,1855.0,,False,,2026-09-14 09:12
53468,Ultra Premium Whey Protein Build - 2271 г,Everbuild Nutrition,https://belok.ua/ua/ultra-premium-whey-protein-build/,2658.0,,False,Хіт продажу,2026-09-14 09:12
53378,Micellar Casein Build - 1816 г,Everbuild Nutrition,https://belok.ua/ua/micellar-casein-build-1816-g-shokolad-1/,2335.0,,False,,2026-09-14 09:12
50321,"100% Whey Gold Standard - 2,27 кг",Optimum Nutrition,https://belok.ua/ua/100-whey-gold-standard/,4999.0,5555.0,True,-10% | В наявності,2026-09-15 08:55
52527,Whey-Pro FUSION - 1 кг,Amix,https://belok.ua/ua/whey-pro-fusion-1000-g-banana-1/,2157.0,,True,В наявності | Хіт продажу,2026-09-15 08:55
53716,100% Standard Whey - 2 кг,Sporter,https://belok.ua/ua/100-standart-whey/,2999.0,,True,В наявності | Хіт продажу,2026-09-15 08:55
52331,"Whey Protein - 2,2 кг",Rule 1,https://belok.ua/ua/whey-blend-462-g-vanilnyj-krem-1/,3789.0,,True,В наявності,2026-09-15 08:55
52330,Whey Protein - 890 г,Rule 1,https://belok.ua/ua/whey-blend-462-g-vanilnyj-krem-1/,2098.0,,True,В наявності,2026-09-15 08:55
50320,100% Whey Gold Standard - 909 г,Optimum Nutrition,https://belok.ua/ua/100-whey-gold-standard/,2259.0,2526.0,True,-11% | В наявності,2026-09-15 08:55
53731,"100% Isolate - 1,8 кг",Sporter,https://belok.ua/ua/100-isolate/,3299.0,,True,В наявності | Хіт продажу,2026-09-15 08:55
50613,Femine-PRO - 1 кг,Power Pro,https://belok.ua/ua/power-pro-femine-pro/,1845.0,,True,В наявності,2026-09-15 08:55
52788,Anabolic Monster Beef Protein - 1 кг,Amix,https://belok.ua/ua/anabolic-monster-beef-protein-1000-g-forest-fruits-1/,1555.0,,True,В наявності,2026-09-15 08:55
52529,"Whey-Pro FUSION - 2,3 кг",Amix,https://belok.ua/ua/whey-pro-fusion-1000-g-banana-1/,4549.0,,True,В наявності | Хіт продажу,2026-09-15 08:55
54109,"Protein Whey Isolate, 1350 г",Rule 1,https://belok.ua/ua/protein-480-g-shokolad-1/,4435.0,,True,В наявності,2026-09-15 08:55
52337,"R1 Casein - 1,8 кг",Rule 1,https://belok.ua/ua/casein-948-g-shokolad-1/,3498.0,,True,В наявності,2026-09-15 08:55
32859,Whey Protein - 455 г - Шоколад,Rule 1,https://belok.ua/ua/r1-whey-blend-476-g-shokolad/,1235.0,,True,В наявності,2026-09-15 08:55
53069,100% Whey Protein - 400 г,Nutrend,https://belok.ua/ua/100-whey-protein-1000-g-vanil-1/,939.0,,True,В наявності,2026-09-15 08:55
52917,Whey Protein - 34 г,Rule 1,https://belok.ua/ua/whey-blend-462-g-vanilnyj-krem-1/,95.0,,True,В наявності,2026-09-15 08:55
39636,Soy Protein Isolate - 390 г,Ostrovit,https://belok.ua/ua/soy-protein-isolate-390-g/,325.0,,True,В наявності,2026-09-15 08:55
50612,Protein MIX - 1 кг,Power Pro,https://belok.ua/ua/power-pro-protein-mix/,1750.0,,True,В наявності,2026-09-15 08:55
52526,Whey-Pro FUSION - 30 г,Amix,https://belok.ua/ua/whey-pro-fusion-1000-g-banana-1/,85.0,,True,В наявності,2026-09-15 08:55
52985,Iso Whey ProZero - 500 г,Nutrend,https://belok.ua/ua/iso-whey-prozero-2250-g-bilij-shokolad-1/,1588.0,,True,В наявності,2026-09-15 08:55
53975,"100% Whey Protein, 800 г",Nutrend,https://belok.ua/ua/100-whey-protein-1000-g-vanil-1/,1799.0,,True,В наявності,2026-09-15 08:55
50614,Whey Protein - 1 кг,Power Pro,https://belok.ua/ua/power-pro-whey-protein/,1810.0,,True,В наявності,2026-09-15 08:55
54104,"Protein Whey Isolate, 660 г",Rule 1,https://belok.ua/ua/protein-480-g-shokolad-1/,2335.0,,True,В наявності,2026-09-15 08:55
52336,R1 Casein - 0.9 кг,Rule 1,https://belok.ua/ua/casein-948-g-shokolad-1/,1975.0,,True,В наявності,2026-09-15 08:55
52789,"Anabolic Monster Beef Protein - 2,2 кг",Amix,https://belok.ua/ua/anabolic-monster-beef-protein-1000-g-forest-fruits-1/,2898.0,,True,В наявності,2026-09-15 08:55
32263,Whey Protein - 462 г - Ванільний крем,Rule 1,https://belok.ua/ua/whey-blend-462-g-vanilnyj-krem/,1235.0,,True,В наявності,2026-09-15 08:55
52842,IsoPrime CFM - 2 кг,Amix,https://belok.ua/ua/isoprime-cfm-500g-cookies-cream-1/,5588.0,,True,В наявності,2026-09-15 08:55
37732,Пробник Protein - Ваніль,Rule 1,https://belok.ua/ua/probnik-protein-vanil/,115.0,,True,В наявності,2026-09-15 08:55
52506,Amix Gold Whey Protein Isolate - 2280 г,Amix,https://belok.ua/ua/gold-whey-protein-isolate-2280-g-banana-1/,5799.0,,True,В наявності,2026-09-15 08:55
52749,IsoPrime CFM - 1 кг,Amix,https://belok.ua/ua/isoprime-cfm-500g-cookies-cream-1/,2997.0,,True,В наявності,2026-09-15 08:55
39681,Protein Shot - 60 мл - апельсин,Nutrend,https://belok.ua/ua/protein-shot-60-ml-120-apelsin/,95.0,,True,В наявності,2026-09-15 08:55
54124,"Source 7 Protein, 1800 г",Rule 1,https://belok.ua/ua/source-7-protein/,3268.0,,True,В наявності,2026-09-15 08:55
53310,Clear BEEF Protein - 1 кг - чорна смородина - ківі,Sporter,https://belok.ua/ua/clear-beef-protein-1-kg-chorna-smorodina-kivi/,1140.0,,True,В наявності,2026-09-15 08:55
54123,"Source 7 Protein, 820 г",Rule 1,https://belok.ua/ua/source-7-protein/,1555.0,,True,В наявності,2026-09-15 08:55
53829,HydroBeef® Protein - 1000 г,Amix,https://belok.ua/ua/hydrobeef-protein/,1599.0,,True,В наявності,2026-09-15 08:55
54125,"Source 7 Protein, 41 г",Rule 1,https://belok.ua/ua/source-7-protein/,59.0,,True,В наявності,2026-09-15 08:55
52305,Vegan Protein - 500 г,IronMaxx,https://belok.ua/ua/vegan-protein-500-g-paket-shokolad-1/,897.0,,True,В наявності,2026-09-15 08:55
54070,"HydroBeef High Class Protein, 2000 г",Amix,https://belok.ua/ua/hydrobeef-protein/,2977.0,,True,В наявності,2026-09-15 08:55
52106,100% Whey Protein - 2350 г,IronMaxx,https://belok.ua/ua/100-whey-protein-2350-gr-banka-francuzskaya-vanil-1/,4999.0,,False,,2026-09-15 08:55
52528,Whey-Pro FUSION - 500 г,Amix,https://belok.ua/ua/whey-pro-fusion-1000-g-banana-1/,1155.0,,False,Хіт продажу,2026-09-15 08:55
53717,100% Standard Whey - 900 г,Sporter,https://belok.ua/ua/100-standart-whey/,1579.0,,False,Хіт продажу,2026-09-15 08:55
53732,100% Isolate - 700 г,Sporter,https://belok.ua/ua/100-isolate/,1598.0,,False,Хіт продажу,2026-09-15 08:55
52327,"Whey Isolate - 2,3 кг",Rule 1,https://belok.ua/ua/protein-480-g-shokolad-1/,6497.0,,False,,2026-09-15 08:55
50357,"Platinum Hydrowhey - 1,59 кг",Optimum Nutrition,https://belok.ua/ua/optimum-nutrition-platinum-hydrowhey/,5300.0,,False,,2026-09-15 08:55
53067,100% Whey Protein - 1000 г,Nutrend,https://belok.ua/ua/100-whey-protein-1000-g-vanil-1/,1899.0,,False,,2026-09-15 08:55
52790,Anabolic Monster Beef Protein - 33 г,Amix,https://belok.ua/ua/anabolic-monster-beef-protein-1000-g-forest-fruits-1/,79.0,,False,,2026-09-15 08:55
53779,Whey Core - 900 г,Nutrend,https://belok.ua/ua/whey-core/,1575.0,,False,,2026-09-15 08:55
52504,Amix Gourmet Protein - 1 кг,Amix,https://belok.ua/ua/gourmet-protein-1000g-strawberry-white-choco-1/,1855.0,,False,,2026-09-15 08:55
52326,Whey Isolate - 899 г,Rule 1,https://belok.ua/ua/protein-480-g-shokolad-1/,2799.0,,False,,2026-09-15 08:55
53777,Whey Core - 1800 г,Nutrend,https://belok.ua/ua/whey-core/,2885.0,,False,,2026-09-15 08:55
53467,Ultra Premium Whey Protein Build - 34 г,Everbuild Nutrition,https://belok.ua/ua/ultra-premium-whey-protein-build/,55.0,,False,,2026-09-15 08:55
52532,ZeroPro Protein - 1 кг,Amix,https://belok.ua/ua/zeropro-protein-1000-g-creamy-vanilla-cheescake-1/,2595.0,,False,,2026-09-15 08:55
50043,"Syntha-6 - 2,27 кг",BSN,https://belok.ua/ua/bsn-syntha-6/,3985.0,,False,,2026-09-15 08:55
52533,ZeroPro Protein - 2 кг,Amix,https://belok.ua/ua/zeropro-protein-1000-g-creamy-vanilla-cheescake-1/,4999.0,,False,,2026-09-15 08:55
52993,Whey 100% Protein - 1 кг,Sporter,https://belok.ua/ua/whey-100-protein-1-kg-polunicya-1/,1658.0,,False,,2026-09-15 08:55
52994,Whey 100% Protein (lactose free) - 1 кг,Sporter,https://belok.ua/ua/whey-100-protein-1-kg-vanil-lactose-free-1/,1699.0,,False,,2026-09-15 08:55
50042,"Syntha-6 - 1,32 кг",BSN,https://belok.ua/ua/bsn-syntha-6/,2448.0,,False,,2026-09-15 08:55
52757,AmixPro Micelle HD Casein - 700 г,Amix,https://belok.ua/ua/amixpro-micelle-hd-casein-700-g-2/,1199.0,,False,,2026-09-15 08:55
53778,Whey Core - 32 г,Nutrend,https://belok.ua/ua/whey-core/,78.0,,False,,2026-09-15 08:55
50337,100% Gold Standard Casein - 850 грам,Optimum Nutrition,https://belok.ua/ua/optimum-nutrition-100-gold-standard-casein/,2099.0,,False,,2026-09-15 08:55
52984,Iso Whey ProZero - 2250 г,Nutrend,https://belok.ua/ua/iso-whey-prozero-2250-g-bilij-shokolad-1/,4359.0,,False,,2026-09-15 08:55
52108,100% Whey Protein - 500 г,IronMaxx,https://belok.ua/ua/100-whey-protein-2350-gr-banka-francuzskaya-vanil-1/,1097.0,,False,Хіт продажу,2026-09-15 08:55
52531,ZeroPro Protein - 35 г,Amix,https://belok.ua/ua/zeropro-protein-1000-g-creamy-vanilla-cheescake-1/,110.0,,False,,2026-09-15 08:55
53596,Whey Isolate - 480 г,Rule 1,https://belok.ua/ua/protein-480-g-shokolad-1/,1449.0,,False,,2026-09-15 08:55
50338,"100% Gold Standard Casein - 1,8 кг",Optimum Nutrition,https://belok.ua/ua/optimum-nutrition-100-gold-standard-casein/,3698.0,,False,,2026-09-15 08:55
53836,100% Whey Protein - 700 г,Ostrovit,https://belok.ua/ua/100-whey-protein/,999.0,,False,,2026-09-15 08:55
53469,Ultra Premium Whey Protein Build - 908 г,Everbuild Nutrition,https://belok.ua/ua/ultra-premium-whey-protein-build/,1377.0,,False,Хіт продажу,2026-09-15 08:55
53380,Micellar Casein Build - 908 г,Everbuild Nutrition,https://belok.ua/ua/micellar-casein-build-1816-g-shokolad-1/,1245.0,,False,,2026-09-15 08:55
53487,Whey Protein Build 2.0 - 500 г,Everbuild Nutrition,https://belok.ua/ua/whey-protein-build-20-2270-g-solona-karamel/,759.0,,False,,2026-09-15 08:55
53443,Ultra Hydrolezed ISO Build - 2270 г,Everbuild Nutrition,https://belok.ua/ua/iso-build-protein-isolate-28-g-pechivokrem/,4099.0,,False,Хіт продажу,2026-09-15 08:55
53489,Whey Protein Build 2.0 - 2270 г,Everbuild Nutrition,https://belok.ua/ua/whey-protein-build-20-2270-g-solona-karamel/,2657.0,,False,,2026-09-15 08:55
53445,Ultra Hydrolezed ISO Build - 454 г,Everbuild Nutrition,https://belok.ua/ua/iso-build-protein-isolate-28-g-pechivokrem/,999.0,,False,,2026-09-15 08:55
53468,Ultra Premium Whey Protein Build - 2271 г,Everbuild Nutrition,https://belok.ua/ua/ultra-premium-whey-protein-build/,2658.0,,False,Хіт продажу,2026-09-15 08:55
53378,Micellar Casein Build - 1816 г,Everbuild Nutrition,https://belok.ua/ua/micellar-casein-build-1816-g-shokolad-1/,2335.0,,False,,2026-09-15 08:55
53470,Ultra Premium Whey Protein Build - 454 г,Everbuild Nutrition,https://belok.ua/ua/ultra-premium-whey-protein-build/,788.0,,False,,2026-09-15 08:55
53442,Ultra Hydrolezed ISO Build - 28 г,Everbuild Nutrition,https://belok.ua/ua/iso-build-protein-isolate-28-g-pechivokrem/,67.0,,False,,2026-09-15 08:55
53068,100% Whey Protein - 2250 г,Nutrend,https://belok.ua/ua/100-whey-protein-1000-g-vanil-1/,4498.0,,True,В наявності,2026-09-15 08:55
52503,GreenDay Vege Fiit Protein - 720 г,Amix,https://belok.ua/ua/greenday-vege-fiit-protein-720-g-double-chocolate-1/,1075.0,,True,В наявності,2026-09-15 08:55
52107,100% Whey Protein - 900 г,IronMaxx,https://belok.ua/ua/100-whey-protein-2350-gr-banka-francuzskaya-vanil-1/,2248.0,,False,Хіт продажу,2026-09-15 08:55
52530,IsoPrime CFM - 500 г,Amix,https://belok.ua/ua/isoprime-cfm-500g-cookies-cream-1/,1649.0,,False,,2026-09-15 08:55
53071,100% Whey Protein - 30 г,Nutrend,https://belok.ua/ua/100-whey-protein-1000-g-vanil-1/,95.0,,False,,2026-09-15 08:55
53933,Soy Isolate - 1кг - шоколад,Sporter,https://belok.ua/ua/soy-isolate-1kg-shokolad/,738.0,,False,,2026-09-15 08:55
53488,Whey Protein Build 2.0 - 1000 г,Everbuild Nutrition,https://belok.ua/ua/whey-protein-build-20-2270-g-solona-karamel/,1245.0,,False,,2026-09-15 08:55
53444,Ultra Hydrolezed ISO Build - 908 г,Everbuild Nutrition,https://belok.ua/ua/iso-build-protein-isolate-28-g-pechivokrem/,1799.0,,False,Хіт продажу,2026-09-15 08:55
50321,"100% Whey Gold Standard - 2,27 кг",Optimum Nutrition,https://belok.ua/ua/100-whey-gold-standard/,4999.0,5555.0,True,-10% | В наявності,2026-09-16 08:48
52527,Whey-Pro FUSION - 1 кг,Amix,https://belok.ua/ua/whey-pro-fusion-1000-g-banana-1/,2157.0,,True,В наявності | Хіт продажу,2026-09-16 08:48
53716,100% Standard Whey - 2 кг,Sporter,https://belok.ua/ua/100-standart-whey/,2999.0,,True,В наявності | Хіт продажу,2026-09-16 08:48
52330,Whey Protein - 890 г,Rule 1,https://belok.ua/ua/whey-blend-462-g-vanilnyj-krem-1/,2098.0,,True,В наявності,2026-09-16 08:48
52331,"Whey Protein - 2,2 кг",Rule 1,https://belok.ua/ua/whey-blend-462-g-vanilnyj-krem-1/,3789.0,,True,В наявності,2026-09-16 08:48
50320,100% Whey Gold Standard - 909 г,Optimum Nutrition,https://belok.ua/ua/100-whey-gold-standard/,2259.0,2526.0,True,-11% | В наявності,2026-09-16 08:48
53731,"100% Isolate - 1,8 кг",Sporter,https://belok.ua/ua/100-isolate/,3299.0,,True,В наявності | Хіт продажу,2026-09-16 08:48
52529,"Whey-Pro FUSION - 2,3 кг",Amix,https://belok.ua/ua/whey-pro-fusion-1000-g-banana-1/,4549.0,,True,В наявності | Хіт продажу,2026-09-16 08:48
54109,"Protein Whey Isolate, 1350 г",Rule 1,https://belok.ua/ua/protein-480-g-shokolad-1/,4435.0,,True,В наявності,2026-09-16 08:48
52337,"R1 Casein - 1,8 кг",Rule 1,https://belok.ua/ua/casein-948-g-shokolad-1/,3498.0,,True,В наявності,2026-09-16 08:48
32859,Whey Protein - 455 г - Шоколад,Rule 1,https://belok.ua/ua/r1-whey-blend-476-g-shokolad/,1235.0,,True,В наявності,2026-09-16 08:48
53069,100% Whey Protein - 400 г,Nutrend,https://belok.ua/ua/100-whey-protein-1000-g-vanil-1/,939.0,,True,В наявності,2026-09-16 08:48
52917,Whey Protein - 34 г,Rule 1,https://belok.ua/ua/whey-blend-462-g-vanilnyj-krem-1/,95.0,,True,В наявності,2026-09-16 08:48
39636,Soy Protein Isolate - 390 г,Ostrovit,https://belok.ua/ua/soy-protein-isolate-390-g/,325.0,,True,В наявності,2026-09-16 08:48
50612,Protein MIX - 1 кг,Power Pro,https://belok.ua/ua/power-pro-protein-mix/,1750.0,,True,В наявності,2026-09-16 08:48
52526,Whey-Pro FUSION - 30 г,Amix,https://belok.ua/ua/whey-pro-fusion-1000-g-banana-1/,85.0,,True,В наявності,2026-09-16 08:48
52985,Iso Whey ProZero - 500 г,Nutrend,https://belok.ua/ua/iso-whey-prozero-2250-g-bilij-shokolad-1/,1588.0,,True,В наявності,2026-09-16 08:48
53975,"100% Whey Protein, 800 г",Nutrend,https://belok.ua/ua/100-whey-protein-1000-g-vanil-1/,1799.0,,True,В наявності,2026-09-16 08:48
50614,Whey Protein - 1 кг,Power Pro,https://belok.ua/ua/power-pro-whey-protein/,1810.0,,True,В наявності,2026-09-16 08:48
54104,"Protein Whey Isolate, 660 г",Rule 1,https://belok.ua/ua/protein-480-g-shokolad-1/,2335.0,,True,В наявності,2026-09-16 08:48
52336,R1 Casein - 0.9 кг,Rule 1,https://belok.ua/ua/casein-948-g-shokolad-1/,1975.0,,True,В наявності,2026-09-16 08:48
52789,"Anabolic Monster Beef Protein - 2,2 кг",Amix,https://belok.ua/ua/anabolic-monster-beef-protein-1000-g-forest-fruits-1/,2898.0,,True,В наявності,2026-09-16 08:48
32263,Whey Protein - 462 г - Ванільний крем,Rule 1,https://belok.ua/ua/whey-blend-462-g-vanilnyj-krem/,1235.0,,True,В наявності,2026-09-16 08:48
53068,100% Whey Protein - 2250 г,Nutrend,https://belok.ua/ua/100-whey-protein-1000-g-vanil-1/,4498.0,,True,В наявності,2026-09-16 08:48
52503,GreenDay Vege Fiit Protein - 720 г,Amix,https://belok.ua/ua/greenday-vege-fiit-protein-720-g-double-chocolate-1/,1075.0,,True,В наявності,2026-09-16 08:48
52842,IsoPrime CFM - 2 кг,Amix,https://belok.ua/ua/isoprime-cfm-500g-cookies-cream-1/,5588.0,,True,В наявності,2026-09-16 08:48
37732,Пробник Protein - Ваніль,Rule 1,https://belok.ua/ua/probnik-protein-vanil/,115.0,,True,В наявності,2026-09-16 08:48
52506,Amix Gold Whey Protein Isolate - 2280 г,Amix,https://belok.ua/ua/gold-whey-protein-isolate-2280-g-banana-1/,5799.0,,True,В наявності,2026-09-16 08:48
54070,"HydroBeef High Class Protein, 2000 г",Amix,https://belok.ua/ua/hydrobeef-protein/,2977.0,,True,В наявності,2026-09-16 08:48
54124,"Source 7 Protein, 1800 г",Rule 1,https://belok.ua/ua/source-7-protein/,3268.0,,True,В наявності,2026-09-16 08:48
53310,Clear BEEF Protein - 1 кг - чорна смородина - ківі,Sporter,https://belok.ua/ua/clear-beef-protein-1-kg-chorna-smorodina-kivi/,1140.0,,True,В наявності,2026-09-16 08:48
54123,"Source 7 Protein, 820 г",Rule 1,https://belok.ua/ua/source-7-protein/,1555.0,,True,В наявності,2026-09-16 08:48
53829,HydroBeef® Protein - 1000 г,Amix,https://belok.ua/ua/hydrobeef-protein/,1599.0,,True,В наявності,2026-09-16 08:48
52305,Vegan Protein - 500 г,IronMaxx,https://belok.ua/ua/vegan-protein-500-g-paket-shokolad-1/,897.0,,True,В наявності,2026-09-16 08:48
54125,"Source 7 Protein, 41 г",Rule 1,https://belok.ua/ua/source-7-protein/,59.0,,True,В наявності,2026-09-16 08:48
52106,100% Whey Protein - 2350 г,IronMaxx,https://belok.ua/ua/100-whey-protein-2350-gr-banka-francuzskaya-vanil-1/,4999.0,,False,,2026-09-16 08:48
52528,Whey-Pro FUSION - 500 г,Amix,https://belok.ua/ua/whey-pro-fusion-1000-g-banana-1/,1155.0,,False,Хіт продажу,2026-09-16 08:48
53717,100% Standard Whey - 900 г,Sporter,https://belok.ua/ua/100-standart-whey/,1579.0,,False,Хіт продажу,2026-09-16 08:48
53732,100% Isolate - 700 г,Sporter,https://belok.ua/ua/100-isolate/,1598.0,,False,Хіт продажу,2026-09-16 08:48
52327,"Whey Isolate - 2,3 кг",Rule 1,https://belok.ua/ua/protein-480-g-shokolad-1/,6497.0,,False,,2026-09-16 08:48
50357,"Platinum Hydrowhey - 1,59 кг",Optimum Nutrition,https://belok.ua/ua/optimum-nutrition-platinum-hydrowhey/,5300.0,,False,,2026-09-16 08:48
53777,Whey Core - 1800 г,Nutrend,https://belok.ua/ua/whey-core/,2885.0,,False,,2026-09-16 08:48
53067,100% Whey Protein - 1000 г,Nutrend,https://belok.ua/ua/100-whey-protein-1000-g-vanil-1/,1899.0,,False,,2026-09-16 08:48
52790,Anabolic Monster Beef Protein - 33 г,Amix,https://belok.ua/ua/anabolic-monster-beef-protein-1000-g-forest-fruits-1/,79.0,,False,,2026-09-16 08:48
53779,Whey Core - 900 г,Nutrend,https://belok.ua/ua/whey-core/,1575.0,,False,,2026-09-16 08:48
52504,Amix Gourmet Protein - 1 кг,Amix,https://belok.ua/ua/gourmet-protein-1000g-strawberry-white-choco-1/,1855.0,,False,,2026-09-16 08:48
52107,100% Whey Protein - 900 г,IronMaxx,https://belok.ua/ua/100-whey-protein-2350-gr-banka-francuzskaya-vanil-1/,2248.0,,False,Хіт продажу,2026-09-16 08:48
52530,IsoPrime CFM - 500 г,Amix,https://belok.ua/ua/isoprime-cfm-500g-cookies-cream-1/,1649.0,,False,,2026-09-16 08:48
53071,100% Whey Protein - 30 г,Nutrend,https://belok.ua/ua/100-whey-protein-1000-g-vanil-1/,95.0,,False,,2026-09-16 08:48
53933,Soy Isolate - 1кг - шоколад,Sporter,https://belok.ua/ua/soy-isolate-1kg-shokolad/,738.0,,False,,2026-09-16 08:48
53467,Ultra Premium Whey Protein Build - 34 г,Everbuild Nutrition,https://belok.ua/ua/ultra-premium-whey-protein-build/,55.0,,False,,2026-09-16 08:48
52532,ZeroPro Protein - 1 кг,Amix,https://belok.ua/ua/zeropro-protein-1000-g-creamy-vanilla-cheescake-1/,2595.0,,False,,2026-09-16 08:48
50043,"Syntha-6 - 2,27 кг",BSN,https://belok.ua/ua/bsn-syntha-6/,3985.0,,False,,2026-09-16 08:48
52533,ZeroPro Protein - 2 кг,Amix,https://belok.ua/ua/zeropro-protein-1000-g-creamy-vanilla-cheescake-1/,4999.0,,False,,2026-09-16 08:48
52993,Whey 100% Protein - 1 кг,Sporter,https://belok.ua/ua/whey-100-protein-1-kg-polunicya-1/,1658.0,,False,,2026-09-16 08:48
52994,Whey 100% Protein (lactose free) - 1 кг,Sporter,https://belok.ua/ua/whey-100-protein-1-kg-vanil-lactose-free-1/,1699.0,,False,,2026-09-16 08:48
52108,100% Whey Protein - 500 г,IronMaxx,https://belok.ua/ua/100-whey-protein-2350-gr-banka-francuzskaya-vanil-1/,1097.0,,False,Хіт продажу,2026-09-16 08:48
52531,ZeroPro Protein - 35 г,Amix,https://belok.ua/ua/zeropro-protein-1000-g-creamy-vanilla-cheescake-1/,110.0,,False,,2026-09-16 08:48
53596,Whey Isolate - 480 г,Rule 1,https://belok.ua/ua/protein-480-g-shokolad-1/,1449.0,,False,,2026-09-16 08:48
53836,100% Whey Protein - 700 г,Ostrovit,https://belok.ua/ua/100-whey-protein/,999.0,,False,,2026-09-16 08:48
50338,"100% Gold Standard Casein - 1,8 кг",Optimum Nutrition,https://belok.ua/ua/optimum-nutrition-100-gold-standard-casein/,3698.0,,False,,2026-09-16 08:48
52757,AmixPro Micelle HD Casein - 700 г,Amix,https://belok.ua/ua/amixpro-micelle-hd-casein-700-g-2/,1199.0,,False,,2026-09-16 08:48
50042,"Syntha-6 - 1,32 кг",BSN,https://belok.ua/ua/bsn-syntha-6/,2448.0,,False,,2026-09-16 08:48
53778,Whey Core - 32 г,Nutrend,https://belok.ua/ua/whey-core/,78.0,,False,,2026-09-16 08:48
50337,100% Gold Standard Casein - 850 грам,Optimum Nutrition,https://belok.ua/ua/optimum-nutrition-100-gold-standard-casein/,2099.0,,False,,2026-09-16 08:48
52984,Iso Whey ProZero - 2250 г,Nutrend,https://belok.ua/ua/iso-whey-prozero-2250-g-bilij-shokolad-1/,4359.0,,False,,2026-09-16 08:48
53488,Whey Protein Build 2.0 - 1000 г,Everbuild Nutrition,https://belok.ua/ua/whey-protein-build-20-2270-g-solona-karamel/,1245.0,,False,,2026-09-16 08:48
53444,Ultra Hydrolezed ISO Build - 908 г,Everbuild Nutrition,https://belok.ua/ua/iso-build-protein-isolate-28-g-pechivokrem/,1799.0,,False,Хіт продажу,2026-09-16 08:48
53469,Ultra Premium Whey Protein Build - 908 г,Everbuild Nutrition,https://belok.ua/ua/ultra-premium-whey-protein-build/,1377.0,,False,Хіт продажу,2026-09-16 08:48
53380,Micellar Casein Build - 908 г,Everbuild Nutrition,https://belok.ua/ua/micellar-casein-build-1816-g-shokolad-1/,1245.0,,False,,2026-09-16 08:48
53470,Ultra Premium Whey Protein Build - 454 г,Everbuild Nutrition,https://belok.ua/ua/ultra-premium-whey-protein-build/,788.0,,False,,2026-09-16 08:48
53442,Ultra Hydrolezed ISO Build - 28 г,Everbuild Nutrition,https://belok.ua/ua/iso-build-protein-isolate-28-g-pechivokrem/,67.0,,False,,2026-09-16 08:48
53487,Whey Protein Build 2.0 - 500 г,Everbuild Nutrition,https://belok.ua/ua/whey-protein-build-20-2270-g-solona-karamel/,759.0,,False,,2026-09-16 08:48
53443,Ultra Hydrolezed ISO Build - 2270 г,Everbuild Nutrition,https://belok.ua/ua/iso-build-protein-isolate-28-g-pechivokrem/,4099.0,,False,Хіт продажу,2026-09-16 08:48
39681,Protein Shot - 60 мл - апельсин,Nutrend,https://belok.ua/ua/protein-shot-60-ml-120-apelsin/,95.0,,True,В наявності,2026-09-16 08:48
52749,IsoPrime CFM - 1 кг,Amix,https://belok.ua/ua/isoprime-cfm-500g-cookies-cream-1/,2997.0,,True,В наявності,2026-09-16 08:48
50613,Femine-PRO - 1 кг,Power Pro,https://belok.ua/ua/power-pro-femine-pro/,1845.0,,True,В наявності,2026-09-16 08:48
52788,Anabolic Monster Beef Protein - 1 кг,Amix,https://belok.ua/ua/anabolic-monster-beef-protein-1000-g-forest-fruits-1/,1555.0,,True,В наявності,2026-09-16 08:48
52326,Whey Isolate - 899 г,Rule 1,https://belok.ua/ua/protein-480-g-shokolad-1/,2799.0,,False,,2026-09-16 08:48
53489,Whey Protein Build 2.0 - 2270 г,Everbuild Nutrition,https://belok.ua/ua/whey-protein-build-20-2270-g-solona-karamel/,2657.0,,False,,2026-09-16 08:48
53445,Ultra Hydrolezed ISO Build - 454 г,Everbuild Nutrition,https://belok.ua/ua/iso-build-protein-isolate-28-g-pechivokrem/,999.0,,False,,2026-09-16 08:48
53468,Ultra Premium Whey Protein Build - 2271 г,Everbuild Nutrition,https://belok.ua/ua/ultra-premium-whey-protein-build/,2658.0,,False,Хіт продажу,2026-09-16 08:48
50321,"100% Whey Gold Standard - 2,27 кг",Optimum Nutrition,https://belok.ua/ua/100-whey-gold-standard/,4999.0,5555.0,True,-10% | В наявності,2026-09-17 08:51
52527,Whey-Pro FUSION - 1 кг,Amix,https://belok.ua/ua/whey-pro-fusion-1000-g-banana-1/,2157.0,,True,В наявності | Хіт продажу,2026-09-17 08:51
53716,100% Standard Whey - 2 кг,Sporter,https://belok.ua/ua/100-standart-whey/,2999.0,,True,В наявності | Хіт продажу,2026-09-17 08:51
52330,Whey Protein - 890 г,Rule 1,https://belok.ua/ua/whey-blend-462-g-vanilnyj-krem-1/,2098.0,,True,В наявності,2026-09-17 08:51
52331,"Whey Protein - 2,2 кг",Rule 1,https://belok.ua/ua/whey-blend-462-g-vanilnyj-krem-1/,3789.0,,True,В наявності,2026-09-17 08:51
50320,100% Whey Gold Standard - 909 г,Optimum Nutrition,https://belok.ua/ua/100-whey-gold-standard/,2259.0,2526.0,True,-11% | В наявності,2026-09-17 08:51
53731,"100% Isolate - 1,8 кг",Sporter,https://belok.ua/ua/100-isolate/,3299.0,,True,В наявності | Хіт продажу,2026-09-17 08:51
52337,"R1 Casein - 1,8 кг",Rule 1,https://belok.ua/ua/casein-948-g-shokolad-1/,3498.0,,True,В наявності,2026-09-17 08:51
32859,Whey Protein - 455 г - Шоколад,Rule 1,https://belok.ua/ua/r1-whey-blend-476-g-shokolad/,1235.0,,True,В наявності,2026-09-17 08:51
53069,100% Whey Protein - 400 г,Nutrend,https://belok.ua/ua/100-whey-protein-1000-g-vanil-1/,939.0,,True,В наявності,2026-09-17 08:51
52917,Whey Protein - 34 г,Rule 1,https://belok.ua/ua/whey-blend-462-g-vanilnyj-krem-1/,95.0,,True,В наявності,2026-09-17 08:51
39636,Soy Protein Isolate - 390 г,Ostrovit,https://belok.ua/ua/soy-protein-isolate-390-g/,325.0,,True,В наявності,2026-09-17 08:51
50612,Protein MIX - 1 кг,Power Pro,https://belok.ua/ua/power-pro-protein-mix/,1750.0,,True,В наявності,2026-09-17 08:51
52985,Iso Whey ProZero - 500 г,Nutrend,https://belok.ua/ua/iso-whey-prozero-2250-g-bilij-shokolad-1/,1588.0,,True,В наявності,2026-09-17 08:51
53975,"100% Whey Protein, 800 г",Nutrend,https://belok.ua/ua/100-whey-protein-1000-g-vanil-1/,1799.0,,True,В наявності,2026-09-17 08:51
50614,Whey Protein - 1 кг,Power Pro,https://belok.ua/ua/power-pro-whey-protein/,1810.0,,True,В наявності,2026-09-17 08:51
54104,"Protein Whey Isolate, 660 г",Rule 1,https://belok.ua/ua/protein-480-g-shokolad-1/,2335.0,,True,В наявності,2026-09-17 08:51
52336,R1 Casein - 0.9 кг,Rule 1,https://belok.ua/ua/casein-948-g-shokolad-1/,1975.0,,True,В наявності,2026-09-17 08:51
52789,"Anabolic Monster Beef Protein - 2,2 кг",Amix,https://belok.ua/ua/anabolic-monster-beef-protein-1000-g-forest-fruits-1/,2898.0,,True,В наявності,2026-09-17 08:51
32263,Whey Protein - 462 г - Ванільний крем,Rule 1,https://belok.ua/ua/whey-blend-462-g-vanilnyj-krem/,1235.0,,True,В наявності,2026-09-17 08:51
53068,100% Whey Protein - 2250 г,Nutrend,https://belok.ua/ua/100-whey-protein-1000-g-vanil-1/,4498.0,,True,В наявності,2026-09-17 08:51
52503,GreenDay Vege Fiit Protein - 720 г,Amix,https://belok.ua/ua/greenday-vege-fiit-protein-720-g-double-chocolate-1/,1075.0,,True,В наявності,2026-09-17 08:51
52842,IsoPrime CFM - 2 кг,Amix,https://belok.ua/ua/isoprime-cfm-500g-cookies-cream-1/,5588.0,,True,В наявності,2026-09-17 08:51
37732,Пробник Protein - Ваніль,Rule 1,https://belok.ua/ua/probnik-protein-vanil/,115.0,,True,В наявності,2026-09-17 08:51
52506,Amix Gold Whey Protein Isolate - 2280 г,Amix,https://belok.ua/ua/gold-whey-protein-isolate-2280-g-banana-1/,5799.0,,True,В наявності,2026-09-17 08:51
54123,"Source 7 Protein, 820 г",Rule 1,https://belok.ua/ua/source-7-protein/,1555.0,,True,В наявності,2026-09-17 08:51
53829,HydroBeef® Protein - 1000 г,Amix,https://belok.ua/ua/hydrobeef-protein/,1599.0,,True,В наявності,2026-09-17 08:51
54125,"Source 7 Protein, 41 г",Rule 1,https://belok.ua/ua/source-7-protein/,59.0,,True,В наявності,2026-09-17 08:51
52305,Vegan Protein - 500 г,IronMaxx,https://belok.ua/ua/vegan-protein-500-g-paket-shokolad-1/,897.0,,True,В наявності,2026-09-17 08:51
54070,"HydroBeef High Class Protein, 2000 г",Amix,https://belok.ua/ua/hydrobeef-protein/,2977.0,,True,В наявності,2026-09-17 08:51
54124,"Source 7 Protein, 1800 г",Rule 1,https://belok.ua/ua/source-7-protein/,3268.0,,True,В наявності,2026-09-17 08:51
53310,Clear BEEF Protein - 1 кг - чорна смородина - ківі,Sporter,https://belok.ua/ua/clear-beef-protein-1-kg-chorna-smorodina-kivi/,1140.0,,True,В наявності,2026-09-17 08:51
52106,100% Whey Protein - 2350 г,IronMaxx,https://belok.ua/ua/100-whey-protein-2350-gr-banka-francuzskaya-vanil-1/,4999.0,,False,,2026-09-17 08:51
52528,Whey-Pro FUSION - 500 г,Amix,https://belok.ua/ua/whey-pro-fusion-1000-g-banana-1/,1155.0,,False,Хіт продажу,2026-09-17 08:51
53717,100% Standard Whey - 900 г,Sporter,https://belok.ua/ua/100-standart-whey/,1579.0,,False,Хіт продажу,2026-09-17 08:51
53732,100% Isolate - 700 г,Sporter,https://belok.ua/ua/100-isolate/,1598.0,,False,Хіт продажу,2026-09-17 08:51
52327,"Whey Isolate - 2,3 кг",Rule 1,https://belok.ua/ua/protein-480-g-shokolad-1/,6497.0,,False,,2026-09-17 08:51
50357,"Platinum Hydrowhey - 1,59 кг",Optimum Nutrition,https://belok.ua/ua/optimum-nutrition-platinum-hydrowhey/,5300.0,,False,,2026-09-17 08:51
52107,100% Whey Protein - 900 г,IronMaxx,https://belok.ua/ua/100-whey-protein-2350-gr-banka-francuzskaya-vanil-1/,2248.0,,False,Хіт продажу,2026-09-17 08:51
52530,IsoPrime CFM - 500 г,Amix,https://belok.ua/ua/isoprime-cfm-500g-cookies-cream-1/,1649.0,,False,,2026-09-17 08:51
53071,100% Whey Protein - 30 г,Nutrend,https://belok.ua/ua/100-whey-protein-1000-g-vanil-1/,95.0,,False,,2026-09-17 08:51
53933,Soy Isolate - 1кг - шоколад,Sporter,https://belok.ua/ua/soy-isolate-1kg-shokolad/,738.0,,False,,2026-09-17 08:51
53777,Whey Core - 1800 г,Nutrend,https://belok.ua/ua/whey-core/,2885.0,,False,,2026-09-17 08:51
53067,100% Whey Protein - 1000 г,Nutrend,https://belok.ua/ua/100-whey-protein-1000-g-vanil-1/,1899.0,,False,,2026-09-17 08:51
52790,Anabolic Monster Beef Protein - 33 г,Amix,https://belok.ua/ua/anabolic-monster-beef-protein-1000-g-forest-fruits-1/,79.0,,False,,2026-09-17 08:51
53779,Whey Core - 900 г,Nutrend,https://belok.ua/ua/whey-core/,1575.0,,False,,2026-09-17 08:51
52504,Amix Gourmet Protein - 1 кг,Amix,https://belok.ua/ua/gourmet-protein-1000g-strawberry-white-choco-1/,1855.0,,False,,2026-09-17 08:51
52326,Whey Isolate - 899 г,Rule 1,https://belok.ua/ua/protein-480-g-shokolad-1/,2799.0,,False,,2026-09-17 08:51
52526,Whey-Pro FUSION - 30 г,Amix,https://belok.ua/ua/whey-pro-fusion-1000-g-banana-1/,85.0,,False,,2026-09-17 08:51
53467,Ultra Premium Whey Protein Build - 34 г,Everbuild Nutrition,https://belok.ua/ua/ultra-premium-whey-protein-build/,55.0,,False,,2026-09-17 08:51
52532,ZeroPro Protein - 1 кг,Amix,https://belok.ua/ua/zeropro-protein-1000-g-creamy-vanilla-cheescake-1/,2595.0,,False,,2026-09-17 08:51
50043,"Syntha-6 - 2,27 кг",BSN,https://belok.ua/ua/bsn-syntha-6/,3985.0,,False,,2026-09-17 08:51
52533,ZeroPro Protein - 2 кг,Amix,https://belok.ua/ua/zeropro-protein-1000-g-creamy-vanilla-cheescake-1/,4999.0,,False,,2026-09-17 08:51
52993,Whey 100% Protein - 1 кг,Sporter,https://belok.ua/ua/whey-100-protein-1-kg-polunicya-1/,1658.0,,False,,2026-09-17 08:51
52994,Whey 100% Protein (lactose free) - 1 кг,Sporter,https://belok.ua/ua/whey-100-protein-1-kg-vanil-lactose-free-1/,1699.0,,False,,2026-09-17 08:51
53778,Whey Core - 32 г,Nutrend,https://belok.ua/ua/whey-core/,78.0,,False,,2026-09-17 08:51
50337,100% Gold Standard Casein - 850 грам,Optimum Nutrition,https://belok.ua/ua/optimum-nutrition-100-gold-standard-casein/,2099.0,,False,,2026-09-17 08:51
52984,Iso Whey ProZero - 2250 г,Nutrend,https://belok.ua/ua/iso-whey-prozero-2250-g-bilij-shokolad-1/,4359.0,,False,,2026-09-17 08:51
52108,100% Whey Protein - 500 г,IronMaxx,https://belok.ua/ua/100-whey-protein-2350-gr-banka-francuzskaya-vanil-1/,1097.0,,False,Хіт продажу,2026-09-17 08:51
52531,ZeroPro Protein - 35 г,Amix,https://belok.ua/ua/zeropro-protein-1000-g-creamy-vanilla-cheescake-1/,110.0,,False,,2026-09-17 08:51
53596,Whey Isolate - 480 г,Rule 1,https://belok.ua/ua/protein-480-g-shokolad-1/,1449.0,,False,,2026-09-17 08:51
50338,"100% Gold Standard Casein - 1,8 кг",Optimum Nutrition,https://belok.ua/ua/optimum-nutrition-100-gold-standard-casein/,3698.0,,False,,2026-09-17 08:51
53836,100% Whey Protein - 700 г,Ostrovit,https://belok.ua/ua/100-whey-protein/,999.0,,False,,2026-09-17 08:51
50042,"Syntha-6 - 1,32 кг",BSN,https://belok.ua/ua/bsn-syntha-6/,2448.0,,False,,2026-09-17 08:51
52757,AmixPro Micelle HD Casein - 700 г,Amix,https://belok.ua/ua/amixpro-micelle-hd-casein-700-g-2/,1199.0,,False,,2026-09-17 08:51
53443,Ultra Hydrolezed ISO Build - 2270 г,Everbuild Nutrition,https://belok.ua/ua/iso-build-protein-isolate-28-g-pechivokrem/,4099.0,,False,Хіт продажу,2026-09-17 08:51
53489,Whey Protein Build 2.0 - 2270 г,Everbuild Nutrition,https://belok.ua/ua/whey-protein-build-20-2270-g-solona-karamel/,2657.0,,False,,2026-09-17 08:51
53445,Ultra Hydrolezed ISO Build - 454 г,Everbuild Nutrition,https://belok.ua/ua/iso-build-protein-isolate-28-g-pechivokrem/,999.0,,False,,2026-09-17 08:51
53468,Ultra Premium Whey Protein Build - 2271 г,Everbuild Nutrition,https://belok.ua/ua/ultra-premium-whey-protein-build/,2658.0,,False,Хіт продажу,2026-09-17 08:51
53378,Micellar Casein Build - 1816 г,Everbuild Nutrition,https://belok.ua/ua/micellar-casein-build-1816-g-shokolad-1/,2335.0,,False,,2026-09-17 08:51
53470,Ultra Premium Whey Protein Build - 454 г,Everbuild Nutrition,https://belok.ua/ua/ultra-premium-whey-protein-build/,788.0,,False,,2026-09-17 08:51
53442,Ultra Hydrolezed ISO Build - 28 г,Everbuild Nutrition,https://belok.ua/ua/iso-build-protein-isolate-28-g-pechivokrem/,67.0,,False,,2026-09-17 08:51
53488,Whey Protein Build 2.0 - 1000 г,Everbuild Nutrition,https://belok.ua/ua/whey-protein-build-20-2270-g-solona-karamel/,1245.0,,False,,2026-09-17 08:51
53444,Ultra Hydrolezed ISO Build - 908 г,Everbuild Nutrition,https://belok.ua/ua/iso-build-protein-isolate-28-g-pechivokrem/,1799.0,,False,Хіт продажу,2026-09-17 08:51
53469,Ultra Premium Whey Protein Build - 908 г,Everbuild Nutrition,https://belok.ua/ua/ultra-premium-whey-protein-build/,1377.0,,False,Хіт продажу,2026-09-17 08:51
39681,Protein Shot - 60 мл - апельсин,Nutrend,https://belok.ua/ua/protein-shot-60-ml-120-apelsin/,95.0,,True,В наявності,2026-09-17 08:51
52749,IsoPrime CFM - 1 кг,Amix,https://belok.ua/ua/isoprime-cfm-500g-cookies-cream-1/,2997.0,,True,В наявності,2026-09-17 08:51
50613,Femine-PRO - 1 кг,Power Pro,https://belok.ua/ua/power-pro-femine-pro/,1845.0,,True,В наявності,2026-09-17 08:51
52788,Anabolic Monster Beef Protein - 1 кг,Amix,https://belok.ua/ua/anabolic-monster-beef-protein-1000-g-forest-fruits-1/,1555.0,,True,В наявності,2026-09-17 08:51
53380,Micellar Casein Build - 908 г,Everbuild Nutrition,https://belok.ua/ua/micellar-casein-build-1816-g-shokolad-1/,1245.0,,False,,2026-09-17 08:51
53487,Whey Protein Build 2.0 - 500 г,Everbuild Nutrition,https://belok.ua/ua/whey-protein-build-20-2270-g-solona-karamel/,759.0,,False,,2026-09-17 08:51
50321,"100% Whey Gold Standard - 2,27 кг",Optimum Nutrition,https://belok.ua/ua/100-whey-gold-standard/,5259.0,5849.0,True,-10% | В наявності,2026-09-18 08:27
52527,Whey-Pro FUSION - 1 кг,Amix,https://belok.ua/ua/whey-pro-fusion-1000-g-banana-1/,2299.0,,True,В наявності | Хіт продажу,2026-09-18 08:27
53716,100% Standard Whey - 2 кг,Sporter,https://belok.ua/ua/100-standart-whey/,2999.0,,True,В наявності | Хіт продажу,2026-09-18 08:27
52331,"Whey Protein - 2,2 кг",Rule 1,https://belok.ua/ua/whey-blend-462-g-vanilnyj-krem-1/,3789.0,,True,В наявності,2026-09-18 08:27
52330,Whey Protein - 890 г,Rule 1,https://belok.ua/ua/whey-blend-462-g-vanilnyj-krem-1/,2098.0,,True,В наявності,2026-09-18 08:27
50320,100% Whey Gold Standard - 909 г,Optimum Nutrition,https://belok.ua/ua/100-whey-gold-standard/,2359.0,2669.0,True,-12% | В наявності,2026-09-18 08:27
53731,"100% Isolate - 1,8 кг",Sporter,https://belok.ua/ua/100-isolate/,3299.0,,True,В наявності | Хіт продажу,2026-09-18 08:27
52336,R1 Casein - 0.9 кг,Rule 1,https://belok.ua/ua/casein-948-g-shokolad-1/,1975.0,,True,В наявності,2026-09-18 08:27
52789,"Anabolic Monster Beef Protein - 2,2 кг",Amix,https://belok.ua/ua/anabolic-monster-beef-protein-1000-g-forest-fruits-1/,2898.0,,True,В наявності,2026-09-18 08:27
32263,Whey Protein - 462 г - Ванільний крем,Rule 1,https://belok.ua/ua/whey-blend-462-g-vanilnyj-krem/,1295.0,,True,В наявності,2026-09-18 08:27
53068,100% Whey Protein - 2250 г,Nutrend,https://belok.ua/ua/100-whey-protein-1000-g-vanil-1/,4899.0,,True,В наявності,2026-09-18 08:27
52503,GreenDay Vege Fiit Protein - 720 г,Amix,https://belok.ua/ua/greenday-vege-fiit-protein-720-g-double-chocolate-1/,1075.0,,True,В наявності,2026-09-18 08:27
52842,IsoPrime CFM - 2 кг,Amix,https://belok.ua/ua/isoprime-cfm-500g-cookies-cream-1/,5788.0,,True,В наявності,2026-09-18 08:27
37732,Пробник Protein - Ваніль,Rule 1,https://belok.ua/ua/probnik-protein-vanil/,115.0,,True,В наявності,2026-09-18 08:27
52506,Amix Gold Whey Protein Isolate - 2280 г,Amix,https://belok.ua/ua/gold-whey-protein-isolate-2280-g-banana-1/,5999.0,,True,В наявності,2026-09-18 08:27
39681,Protein Shot - 60 мл - апельсин,Nutrend,https://belok.ua/ua/protein-shot-60-ml-120-apelsin/,95.0,,True,В наявності,2026-09-18 08:27
52749,IsoPrime CFM - 1 кг,Amix,https://belok.ua/ua/isoprime-cfm-500g-cookies-cream-1/,2997.0,,True,В наявності,2026-09-18 08:27
50613,Femine-PRO - 1 кг,Power Pro,https://belok.ua/ua/power-pro-femine-pro/,1845.0,,True,В наявності,2026-09-18 08:27
52788,Anabolic Monster Beef Protein - 1 кг,Amix,https://belok.ua/ua/anabolic-monster-beef-protein-1000-g-forest-fruits-1/,1555.0,,True,В наявності,2026-09-18 08:27
52529,"Whey-Pro FUSION - 2,3 кг",Amix,https://belok.ua/ua/whey-pro-fusion-1000-g-banana-1/,4799.0,,True,В наявності | Хіт продажу,2026-09-18 08:27
54109,"Protein Whey Isolate, 1350 г",Rule 1,https://belok.ua/ua/protein-480-g-shokolad-1/,4435.0,,True,В наявності,2026-09-18 08:27
52337,"R1 Casein - 1,8 кг",Rule 1,https://belok.ua/ua/casein-948-g-shokolad-1/,3498.0,,True,В наявності,2026-09-18 08:27
32859,Whey Protein - 455 г - Шоколад,Rule 1,https://belok.ua/ua/r1-whey-blend-476-g-shokolad/,1295.0,,True,В наявності,2026-09-18 08:27
53069,100% Whey Protein - 400 г,Nutrend,https://belok.ua/ua/100-whey-protein-1000-g-vanil-1/,1099.0,,True,В наявності,2026-09-18 08:27
52917,Whey Protein - 34 г,Rule 1,https://belok.ua/ua/whey-blend-462-g-vanilnyj-krem-1/,100.0,,True,В наявності,2026-09-18 08:27
54124,"Source 7 Protein, 1800 г",Rule 1,https://belok.ua/ua/source-7-protein/,3268.0,,True,В наявності,2026-09-18 08:27
53310,Clear BEEF Protein - 1 кг - чорна смородина - ківі,Sporter,https://belok.ua/ua/clear-beef-protein-1-kg-chorna-smorodina-kivi/,1140.0,,True,В наявності,2026-09-18 08:27
54123,"Source 7 Protein, 820 г",Rule 1,https://belok.ua/ua/source-7-protein/,1555.0,,True,В наявності,2026-09-18 08:27
53829,HydroBeef® Protein - 1000 г,Amix,https://belok.ua/ua/hydrobeef-protein/,1599.0,,True,В наявності,2026-09-18 08:27
52305,Vegan Protein - 500 г,IronMaxx,https://belok.ua/ua/vegan-protein-500-g-paket-shokolad-1/,897.0,,True,В наявності,2026-09-18 08:27
54125,"Source 7 Protein, 41 г",Rule 1,https://belok.ua/ua/source-7-protein/,59.0,,True,В наявності,2026-09-18 08:27
54070,"HydroBeef High Class Protein, 2000 г",Amix,https://belok.ua/ua/hydrobeef-protein/,2977.0,,True,В наявності,2026-09-18 08:27
52106,100% Whey Protein - 2350 г,IronMaxx,https://belok.ua/ua/100-whey-protein-2350-gr-banka-francuzskaya-vanil-1/,4999.0,,False,,2026-09-18 08:27
52528,Whey-Pro FUSION - 500 г,Amix,https://belok.ua/ua/whey-pro-fusion-1000-g-banana-1/,1249.0,,False,Хіт продажу,2026-09-18 08:27
53717,100% Standard Whey - 900 г,Sporter,https://belok.ua/ua/100-standart-whey/,1579.0,,False,Хіт продажу,2026-09-18 08:27
53732,100% Isolate - 700 г,Sporter,https://belok.ua/ua/100-isolate/,1598.0,,False,Хіт продажу,2026-09-18 08:27
52327,"Whey Isolate - 2,3 кг",Rule 1,https://belok.ua/ua/protein-480-g-shokolad-1/,6497.0,,False,,2026-09-18 08:27
50357,"Platinum Hydrowhey - 1,59 кг",Optimum Nutrition,https://belok.ua/ua/optimum-nutrition-platinum-hydrowhey/,5300.0,,False,,2026-09-18 08:27
52504,Amix Gourmet Protein - 1 кг,Amix,https://belok.ua/ua/gourmet-protein-1000g-strawberry-white-choco-1/,1995.0,,False,,2026-09-18 08:27
52326,Whey Isolate - 899 г,Rule 1,https://belok.ua/ua/protein-480-g-shokolad-1/,2799.0,,False,,2026-09-18 08:27
52526,Whey-Pro FUSION - 30 г,Amix,https://belok.ua/ua/whey-pro-fusion-1000-g-banana-1/,90.0,,False,,2026-09-18 08:27
52107,100% Whey Protein - 900 г,IronMaxx,https://belok.ua/ua/100-whey-protein-2350-gr-banka-francuzskaya-vanil-1/,2248.0,,False,Хіт продажу,2026-09-18 08:27
52530,IsoPrime CFM - 500 г,Amix,https://belok.ua/ua/isoprime-cfm-500g-cookies-cream-1/,1699.0,,False,,2026-09-18 08:27
53071,100% Whey Protein - 30 г,Nutrend,https://belok.ua/ua/100-whey-protein-1000-g-vanil-1/,95.0,,False,,2026-09-18 08:27
53467,Ultra Premium Whey Protein Build - 34 г,Everbuild Nutrition,https://belok.ua/ua/ultra-premium-whey-protein-build/,55.0,,False,,2026-09-18 08:27
52532,ZeroPro Protein - 1 кг,Amix,https://belok.ua/ua/zeropro-protein-1000-g-creamy-vanilla-cheescake-1/,2595.0,,False,,2026-09-18 08:27
50043,"Syntha-6 - 2,27 кг",BSN,https://belok.ua/ua/bsn-syntha-6/,3985.0,,False,,2026-09-18 08:27
52533,ZeroPro Protein - 2 кг,Amix,https://belok.ua/ua/zeropro-protein-1000-g-creamy-vanilla-cheescake-1/,4999.0,,False,,2026-09-18 08:27
52993,Whey 100% Protein - 1 кг,Sporter,https://belok.ua/ua/whey-100-protein-1-kg-polunicya-1/,1658.0,,False,,2026-09-18 08:27
52994,Whey 100% Protein (lactose free) - 1 кг,Sporter,https://belok.ua/ua/whey-100-protein-1-kg-vanil-lactose-free-1/,1699.0,,False,,2026-09-18 08:27
50337,100% Gold Standard Casein - 850 грам,Optimum Nutrition,https://belok.ua/ua/optimum-nutrition-100-gold-standard-casein/,2099.0,,False,,2026-09-18 08:27
52984,Iso Whey ProZero - 2250 г,Nutrend,https://belok.ua/ua/iso-whey-prozero-2250-g-bilij-shokolad-1/,4359.0,,False,,2026-09-18 08:27
52108,100% Whey Protein - 500 г,IronMaxx,https://belok.ua/ua/100-whey-protein-2350-gr-banka-francuzskaya-vanil-1/,1097.0,,False,Хіт продажу,2026-09-18 08:27
52531,ZeroPro Protein - 35 г,Amix,https://belok.ua/ua/zeropro-protein-1000-g-creamy-vanilla-cheescake-1/,110.0,,False,,2026-09-18 08:27
53596,Whey Isolate - 480 г,Rule 1,https://belok.ua/ua/protein-480-g-shokolad-1/,1449.0,,False,,2026-09-18 08:27
50338,"100% Gold Standard Casein - 1,8 кг",Optimum Nutrition,https://belok.ua/ua/optimum-nutrition-100-gold-standard-casein/,3698.0,,False,,2026-09-18 08:27
53836,100% Whey Protein - 700 г,Ostrovit,https://belok.ua/ua/100-whey-protein/,999.0,,False,,2026-09-18 08:27
50042,"Syntha-6 - 1,32 кг",BSN,https://belok.ua/ua/bsn-syntha-6/,2448.0,,False,,2026-09-18 08:27
52757,AmixPro Micelle HD Casein - 700 г,Amix,https://belok.ua/ua/amixpro-micelle-hd-casein-700-g-2/,1199.0,,False,,2026-09-18 08:27
53778,Whey Core - 32 г,Nutrend,https://belok.ua/ua/whey-core/,78.0,,False,,2026-09-18 08:27
53445,Ultra Hydrolezed ISO Build - 454 г,Everbuild Nutrition,https://belok.ua/ua/iso-build-protein-isolate-28-g-pechivokrem/,999.0,,False,,2026-09-18 08:27
53468,Ultra Premium Whey Protein Build - 2271 г,Everbuild Nutrition,https://belok.ua/ua/ultra-premium-whey-protein-build/,2658.0,,False,Хіт продажу,2026-09-18 08:27
53378,Micellar Casein Build - 1816 г,Everbuild Nutrition,https://belok.ua/ua/micellar-casein-build-1816-g-shokolad-1/,2335.0,,False,,2026-09-18 08:27
53470,Ultra Premium Whey Protein Build - 454 г,Everbuild Nutrition,https://belok.ua/ua/ultra-premium-whey-protein-build/,788.0,,False,,2026-09-18 08:27
53489,Whey Protein Build 2.0 - 2270 г,Everbuild Nutrition,https://belok.ua/ua/whey-protein-build-20-2270-g-solona-karamel/,2657.0,,False,,2026-09-18 08:27
53442,Ultra Hydrolezed ISO Build - 28 г,Everbuild Nutrition,https://belok.ua/ua/iso-build-protein-isolate-28-g-pechivokrem/,67.0,,False,,2026-09-18 08:27
53488,Whey Protein Build 2.0 - 1000 г,Everbuild Nutrition,https://belok.ua/ua/whey-protein-build-20-2270-g-solona-karamel/,1245.0,,False,,2026-09-18 08:27
53444,Ultra Hydrolezed ISO Build - 908 г,Everbuild Nutrition,https://belok.ua/ua/iso-build-protein-isolate-28-g-pechivokrem/,1799.0,,False,Хіт продажу,2026-09-18 08:27
39636,Soy Protein Isolate - 390 г,Ostrovit,https://belok.ua/ua/soy-protein-isolate-390-g/,325.0,,True,В наявності,2026-09-18 08:27
50612,Protein MIX - 1 кг,Power Pro,https://belok.ua/ua/power-pro-protein-mix/,1750.0,,True,В наявності,2026-09-18 08:27
53067,100% Whey Protein - 1000 г,Nutrend,https://belok.ua/ua/100-whey-protein-1000-g-vanil-1/,1999.0,,False,,2026-09-18 08:27
52790,Anabolic Monster Beef Protein - 33 г,Amix,https://belok.ua/ua/anabolic-monster-beef-protein-1000-g-forest-fruits-1/,79.0,,False,,2026-09-18 08:27
53779,Whey Core - 900 г,Nutrend,https://belok.ua/ua/whey-core/,1575.0,,False,,2026-09-18 08:27
53933,Soy Isolate - 1кг - шоколад,Sporter,https://belok.ua/ua/soy-isolate-1kg-shokolad/,738.0,,False,,2026-09-18 08:27
53777,Whey Core - 1800 г,Nutrend,https://belok.ua/ua/whey-core/,2885.0,,False,,2026-09-18 08:27
53469,Ultra Premium Whey Protein Build - 908 г,Everbuild Nutrition,https://belok.ua/ua/ultra-premium-whey-protein-build/,1377.0,,False,Хіт продажу,2026-09-18 08:27
53380,Micellar Casein Build - 908 г,Everbuild Nutrition,https://belok.ua/ua/micellar-casein-build-1816-g-shokolad-1/,1245.0,,False,,2026-09-18 08:27
53487,Whey Protein Build 2.0 - 500 г,Everbuild Nutrition,https://belok.ua/ua/whey-protein-build-20-2270-g-solona-karamel/,759.0,,False,,2026-09-18 08:27
53443,Ultra Hydrolezed ISO Build - 2270 г,Everbuild Nutrition,https://belok.ua/ua/iso-build-protein-isolate-28-g-pechivokrem/,4099.0,,False,Хіт продажу,2026-09-18 08:27
50321,"100% Whey Gold Standard - 2,27 кг",Optimum Nutrition,https://belok.ua/ua/100-whey-gold-standard/,5259.0,5849.0,True,-10% | В наявності,2026-09-19 08:14
52527,Whey-Pro FUSION - 1 кг,Amix,https://belok.ua/ua/whey-pro-fusion-1000-g-banana-1/,2299.0,,True,В наявності | Хіт продажу,2026-09-19 08:14
53716,100% Standard Whey - 2 кг,Sporter,https://belok.ua/ua/100-standart-whey/,2999.0,,True,В наявності | Хіт продажу,2026-09-19 08:14
52331,"Whey Protein - 2,2 кг",Rule 1,https://belok.ua/ua/whey-blend-462-g-vanilnyj-krem-1/,3789.0,,True,В наявності,2026-09-19 08:14
52330,Whey Protein - 890 г,Rule 1,https://belok.ua/ua/whey-blend-462-g-vanilnyj-krem-1/,2098.0,,True,В наявності,2026-09-19 08:14
50320,100% Whey Gold Standard - 909 г,Optimum Nutrition,https://belok.ua/ua/100-whey-gold-standard/,2359.0,2669.0,True,-12% | В наявності,2026-09-19 08:14
53731,"100% Isolate - 1,8 кг",Sporter,https://belok.ua/ua/100-isolate/,3299.0,,True,В наявності | Хіт продажу,2026-09-19 08:14
52336,R1 Casein - 0.9 кг,Rule 1,https://belok.ua/ua/casein-948-g-shokolad-1/,1975.0,,True,В наявності,2026-09-19 08:14
52789,"Anabolic Monster Beef Protein - 2,2 кг",Amix,https://belok.ua/ua/anabolic-monster-beef-protein-1000-g-forest-fruits-1/,2898.0,,True,В наявності,2026-09-19 08:14
53068,100% Whey Protein - 2250 г,Nutrend,https://belok.ua/ua/100-whey-protein-1000-g-vanil-1/,4899.0,,True,В наявності,2026-09-19 08:14
32263,Whey Protein - 462 г - Ванільний крем,Rule 1,https://belok.ua/ua/whey-blend-462-g-vanilnyj-krem/,1295.0,,True,В наявності,2026-09-19 08:14
52842,IsoPrime CFM - 2 кг,Amix,https://belok.ua/ua/isoprime-cfm-500g-cookies-cream-1/,5788.0,,True,В наявності,2026-09-19 08:14
52503,GreenDay Vege Fiit Protein - 720 г,Amix,https://belok.ua/ua/greenday-vege-fiit-protein-720-g-double-chocolate-1/,1075.0,,True,В наявності,2026-09-19 08:14
37732,Пробник Protein - Ваніль,Rule 1,https://belok.ua/ua/probnik-protein-vanil/,115.0,,True,В наявності,2026-09-19 08:14
52506,Amix Gold Whey Protein Isolate - 2280 г,Amix,https://belok.ua/ua/gold-whey-protein-isolate-2280-g-banana-1/,5999.0,,True,В наявності,2026-09-19 08:14
39681,Protein Shot - 60 мл - апельсин,Nutrend,https://belok.ua/ua/protein-shot-60-ml-120-apelsin/,95.0,,True,В наявності,2026-09-19 08:14
52749,IsoPrime CFM - 1 кг,Amix,https://belok.ua/ua/isoprime-cfm-500g-cookies-cream-1/,2997.0,,True,В наявності,2026-09-19 08:14
50613,Femine-PRO - 1 кг,Power Pro,https://belok.ua/ua/power-pro-femine-pro/,1845.0,,True,В наявності,2026-09-19 08:14
52788,Anabolic Monster Beef Protein - 1 кг,Amix,https://belok.ua/ua/anabolic-monster-beef-protein-1000-g-forest-fruits-1/,1555.0,,True,В наявності,2026-09-19 08:14
54109,"Protein Whey Isolate, 1350 г",Rule 1,https://belok.ua/ua/protein-480-g-shokolad-1/,4435.0,,True,В наявності,2026-09-19 08:14
52529,"Whey-Pro FUSION - 2,3 кг",Amix,https://belok.ua/ua/whey-pro-fusion-1000-g-banana-1/,4799.0,,True,В наявності | Хіт продажу,2026-09-19 08:14
52337,"R1 Casein - 1,8 кг",Rule 1,https://belok.ua/ua/casein-948-g-shokolad-1/,3498.0,,True,В наявності,2026-09-19 08:14
53069,100% Whey Protein - 400 г,Nutrend,https://belok.ua/ua/100-whey-protein-1000-g-vanil-1/,1099.0,,True,В наявності,2026-09-19 08:14
32859,Whey Protein - 455 г - Шоколад,Rule 1,https://belok.ua/ua/r1-whey-blend-476-g-shokolad/,1295.0,,True,В наявності,2026-09-19 08:14
52917,Whey Protein - 34 г,Rule 1,https://belok.ua/ua/whey-blend-462-g-vanilnyj-krem-1/,100.0,,True,В наявності,2026-09-19 08:14
54124,"Source 7 Protein, 1800 г",Rule 1,https://belok.ua/ua/source-7-protein/,3268.0,,True,В наявності,2026-09-19 08:14
53310,Clear BEEF Protein - 1 кг - чорна смородина - ківі,Sporter,https://belok.ua/ua/clear-beef-protein-1-kg-chorna-smorodina-kivi/,1140.0,,True,В наявності,2026-09-19 08:14
54123,"Source 7 Protein, 820 г",Rule 1,https://belok.ua/ua/source-7-protein/,1555.0,,True,В наявності,2026-09-19 08:14
53829,HydroBeef® Protein - 1000 г,Amix,https://belok.ua/ua/hydrobeef-protein/,1599.0,,True,В наявності,2026-09-19 08:14
52305,Vegan Protein - 500 г,IronMaxx,https://belok.ua/ua/vegan-protein-500-g-paket-shokolad-1/,897.0,,True,В наявності,2026-09-19 08:14
54125,"Source 7 Protein, 41 г",Rule 1,https://belok.ua/ua/source-7-protein/,59.0,,True,В наявності,2026-09-19 08:14
54070,"HydroBeef High Class Protein, 2000 г",Amix,https://belok.ua/ua/hydrobeef-protein/,2977.0,,True,В наявності,2026-09-19 08:14
52106,100% Whey Protein - 2350 г,IronMaxx,https://belok.ua/ua/100-whey-protein-2350-gr-banka-francuzskaya-vanil-1/,4999.0,,False,,2026-09-19 08:14
52528,Whey-Pro FUSION - 500 г,Amix,https://belok.ua/ua/whey-pro-fusion-1000-g-banana-1/,1249.0,,False,Хіт продажу,2026-09-19 08:14
53717,100% Standard Whey - 900 г,Sporter,https://belok.ua/ua/100-standart-whey/,1579.0,,False,Хіт продажу,2026-09-19 08:14
53732,100% Isolate - 700 г,Sporter,https://belok.ua/ua/100-isolate/,1598.0,,False,Хіт продажу,2026-09-19 08:14
52327,"Whey Isolate - 2,3 кг",Rule 1,https://belok.ua/ua/protein-480-g-shokolad-1/,6497.0,,False,,2026-09-19 08:14
50357,"Platinum Hydrowhey - 1,59 кг",Optimum Nutrition,https://belok.ua/ua/optimum-nutrition-platinum-hydrowhey/,5300.0,,False,,2026-09-19 08:14
53777,Whey Core - 1800 г,Nutrend,https://belok.ua/ua/whey-core/,2885.0,,False,,2026-09-19 08:14
53067,100% Whey Protein - 1000 г,Nutrend,https://belok.ua/ua/100-whey-protein-1000-g-vanil-1/,1999.0,,False,,2026-09-19 08:14
52790,Anabolic Monster Beef Protein - 33 г,Amix,https://belok.ua/ua/anabolic-monster-beef-protein-1000-g-forest-fruits-1/,79.0,,False,,2026-09-19 08:14
53779,Whey Core - 900 г,Nutrend,https://belok.ua/ua/whey-core/,1575.0,,False,,2026-09-19 08:14
52504,Amix Gourmet Protein - 1 кг,Amix,https://belok.ua/ua/gourmet-protein-1000g-strawberry-white-choco-1/,1995.0,,False,,2026-09-19 08:14
52326,Whey Isolate - 899 г,Rule 1,https://belok.ua/ua/protein-480-g-shokolad-1/,2799.0,,False,,2026-09-19 08:14
52107,100% Whey Protein - 900 г,IronMaxx,https://belok.ua/ua/100-whey-protein-2350-gr-banka-francuzskaya-vanil-1/,2248.0,,False,Хіт продажу,2026-09-19 08:14
52530,IsoPrime CFM - 500 г,Amix,https://belok.ua/ua/isoprime-cfm-500g-cookies-cream-1/,1699.0,,False,,2026-09-19 08:14
53467,Ultra Premium Whey Protein Build - 34 г,Everbuild Nutrition,https://belok.ua/ua/ultra-premium-whey-protein-build/,55.0,,False,,2026-09-19 08:14
52532,ZeroPro Protein - 1 кг,Amix,https://belok.ua/ua/zeropro-protein-1000-g-creamy-vanilla-cheescake-1/,2595.0,,False,,2026-09-19 08:14
50043,"Syntha-6 - 2,27 кг",BSN,https://belok.ua/ua/bsn-syntha-6/,3985.0,,False,,2026-09-19 08:14
52533,ZeroPro Protein - 2 кг,Amix,https://belok.ua/ua/zeropro-protein-1000-g-creamy-vanilla-cheescake-1/,4999.0,,False,,2026-09-19 08:14
52993,Whey 100% Protein - 1 кг,Sporter,https://belok.ua/ua/whey-100-protein-1-kg-polunicya-1/,1658.0,,False,,2026-09-19 08:14
52994,Whey 100% Protein (lactose free) - 1 кг,Sporter,https://belok.ua/ua/whey-100-protein-1-kg-vanil-lactose-free-1/,1699.0,,False,,2026-09-19 08:14
50337,100% Gold Standard Casein - 850 грам,Optimum Nutrition,https://belok.ua/ua/optimum-nutrition-100-gold-standard-casein/,2099.0,,False,,2026-09-19 08:14
52984,Iso Whey ProZero - 2250 г,Nutrend,https://belok.ua/ua/iso-whey-prozero-2250-g-bilij-shokolad-1/,4359.0,,False,,2026-09-19 08:14
52108,100% Whey Protein - 500 г,IronMaxx,https://belok.ua/ua/100-whey-protein-2350-gr-banka-francuzskaya-vanil-1/,1097.0,,False,Хіт продажу,2026-09-19 08:14
52531,ZeroPro Protein - 35 г,Amix,https://belok.ua/ua/zeropro-protein-1000-g-creamy-vanilla-cheescake-1/,110.0,,False,,2026-09-19 08:14
53596,Whey Isolate - 480 г,Rule 1,https://belok.ua/ua/protein-480-g-shokolad-1/,1449.0,,False,,2026-09-19 08:14
50338,"100% Gold Standard Casein - 1,8 кг",Optimum Nutrition,https://belok.ua/ua/optimum-nutrition-100-gold-standard-casein/,3698.0,,False,,2026-09-19 08:14
53836,100% Whey Protein - 700 г,Ostrovit,https://belok.ua/ua/100-whey-protein/,999.0,,False,,2026-09-19 08:14
50042,"Syntha-6 - 1,32 кг",BSN,https://belok.ua/ua/bsn-syntha-6/,2448.0,,False,,2026-09-19 08:14
52757,AmixPro Micelle HD Casein - 700 г,Amix,https://belok.ua/ua/amixpro-micelle-hd-casein-700-g-2/,1199.0,,False,,2026-09-19 08:14
53778,Whey Core - 32 г,Nutrend,https://belok.ua/ua/whey-core/,78.0,,False,,2026-09-19 08:14
53445,Ultra Hydrolezed ISO Build - 454 г,Everbuild Nutrition,https://belok.ua/ua/iso-build-protein-isolate-28-g-pechivokrem/,999.0,,False,,2026-09-19 08:14
53468,Ultra Premium Whey Protein Build - 2271 г,Everbuild Nutrition,https://belok.ua/ua/ultra-premium-whey-protein-build/,2658.0,,False,Хіт продажу,2026-09-19 08:14
53378,Micellar Casein Build - 1816 г,Everbuild Nutrition,https://belok.ua/ua/micellar-casein-build-1816-g-shokolad-1/,2335.0,,False,,2026-09-19 08:14
53470,Ultra Premium Whey Protein Build - 454 г,Everbuild Nutrition,https://belok.ua/ua/ultra-premium-whey-protein-build/,788.0,,False,,2026-09-19 08:14
53442,Ultra Hydrolezed ISO Build - 28 г,Everbuild Nutrition,https://belok.ua/ua/iso-build-protein-isolate-28-g-pechivokrem/,67.0,,False,,2026-09-19 08:14
53488,Whey Protein Build 2.0 - 1000 г,Everbuild Nutrition,https://belok.ua/ua/whey-protein-build-20-2270-g-solona-karamel/,1245.0,,False,,2026-09-19 08:14
53444,Ultra Hydrolezed ISO Build - 908 г,Everbuild Nutrition,https://belok.ua/ua/iso-build-protein-isolate-28-g-pechivokrem/,1799.0,,False,Хіт продажу,2026-09-19 08:14
53469,Ultra Premium Whey Protein Build - 908 г,Everbuild Nutrition,https://belok.ua/ua/ultra-premium-whey-protein-build/,1377.0,,False,Хіт продажу,2026-09-19 08:14
53380,Micellar Casein Build - 908 г,Everbuild Nutrition,https://belok.ua/ua/micellar-casein-build-1816-g-shokolad-1/,1245.0,,False,,2026-09-19 08:14
53487,Whey Protein Build 2.0 - 500 г,Everbuild Nutrition,https://belok.ua/ua/whey-protein-build-20-2270-g-solona-karamel/,759.0,,False,,2026-09-19 08:14
39636,Soy Protein Isolate - 390 г,Ostrovit,https://belok.ua/ua/soy-protein-isolate-390-g/,325.0,,True,В наявності,2026-09-19 08:14
50612,Protein MIX - 1 кг,Power Pro,https://belok.ua/ua/power-pro-protein-mix/,1750.0,,True,В наявності,2026-09-19 08:14
52526,Whey-Pro FUSION - 30 г,Amix,https://belok.ua/ua/whey-pro-fusion-1000-g-banana-1/,90.0,,True,В наявності,2026-09-19 08:14
52985,Iso Whey ProZero - 500 г,Nutrend,https://belok.ua/ua/iso-whey-prozero-2250-g-bilij-shokolad-1/,1588.0,,True,В наявності,2026-09-19 08:14
53975,"100% Whey Protein, 800 г",Nutrend,https://belok.ua/ua/100-whey-protein-1000-g-vanil-1/,2049.0,,True,В наявності,2026-09-19 08:14
50614,Whey Protein - 1 кг,Power Pro,https://belok.ua/ua/power-pro-whey-protein/,1810.0,,True,В наявності,2026-09-19 08:14
54104,"Protein Whey Isolate, 660 г",Rule 1,https://belok.ua/ua/protein-480-g-shokolad-1/,2335.0,,True,В наявності,2026-09-19 08:14
53489,Whey Protein Build 2.0 - 2270 г,Everbuild Nutrition,https://belok.ua/ua/whey-protein-build-20-2270-g-solona-karamel/,2657.0,,False,,2026-09-19 08:14
50321,"100% Whey Gold Standard - 2,27 кг",Optimum Nutrition,https://belok.ua/ua/100-whey-gold-standard/,5259.0,5849.0,True,-10% | В наявності,2026-09-20 08:46
52527,Whey-Pro FUSION - 1 кг,Amix,https://belok.ua/ua/whey-pro-fusion-1000-g-banana-1/,2299.0,,True,В наявності | Хіт продажу,2026-09-20 08:46
53716,100% Standard Whey - 2 кг,Sporter,https://belok.ua/ua/100-standart-whey/,2999.0,,True,В наявності | Хіт продажу,2026-09-20 08:46
52331,"Whey Protein - 2,2 кг",Rule 1,https://belok.ua/ua/whey-blend-462-g-vanilnyj-krem-1/,3789.0,,True,В наявності,2026-09-20 08:46
52330,Whey Protein - 890 г,Rule 1,https://belok.ua/ua/whey-blend-462-g-vanilnyj-krem-1/,2098.0,,True,В наявності,2026-09-20 08:46
50320,100% Whey Gold Standard - 909 г,Optimum Nutrition,https://belok.ua/ua/100-whey-gold-standard/,2359.0,2669.0,True,-12% | В наявності,2026-09-20 08:46
53731,"100% Isolate - 1,8 кг",Sporter,https://belok.ua/ua/100-isolate/,3299.0,,True,В наявності | Хіт продажу,2026-09-20 08:46
52336,R1 Casein - 0.9 кг,Rule 1,https://belok.ua/ua/casein-948-g-shokolad-1/,1975.0,,True,В наявності,2026-09-20 08:46
52789,"Anabolic Monster Beef Protein - 2,2 кг",Amix,https://belok.ua/ua/anabolic-monster-beef-protein-1000-g-forest-fruits-1/,2898.0,,True,В наявності,2026-09-20 08:46
32263,Whey Protein - 462 г - Ванільний крем,Rule 1,https://belok.ua/ua/whey-blend-462-g-vanilnyj-krem/,1295.0,,True,В наявності,2026-09-20 08:46
53068,100% Whey Protein - 2250 г,Nutrend,https://belok.ua/ua/100-whey-protein-1000-g-vanil-1/,4899.0,,True,В наявності,2026-09-20 08:46
52503,GreenDay Vege Fiit Protein - 720 г,Amix,https://belok.ua/ua/greenday-vege-fiit-protein-720-g-double-chocolate-1/,1075.0,,True,В наявності,2026-09-20 08:46
52842,IsoPrime CFM - 2 кг,Amix,https://belok.ua/ua/isoprime-cfm-500g-cookies-cream-1/,5788.0,,True,В наявності,2026-09-20 08:46
37732,Пробник Protein - Ваніль,Rule 1,https://belok.ua/ua/probnik-protein-vanil/,115.0,,True,В наявності,2026-09-20 08:46
52506,Amix Gold Whey Protein Isolate - 2280 г,Amix,https://belok.ua/ua/gold-whey-protein-isolate-2280-g-banana-1/,5999.0,,True,В наявності,2026-09-20 08:46
39681,Protein Shot - 60 мл - апельсин,Nutrend,https://belok.ua/ua/protein-shot-60-ml-120-apelsin/,95.0,,True,В наявності,2026-09-20 08:46
52749,IsoPrime CFM - 1 кг,Amix,https://belok.ua/ua/isoprime-cfm-500g-cookies-cream-1/,2997.0,,True,В наявності,2026-09-20 08:46
50613,Femine-PRO - 1 кг,Power Pro,https://belok.ua/ua/power-pro-femine-pro/,1845.0,,True,В наявності,2026-09-20 08:46
52788,Anabolic Monster Beef Protein - 1 кг,Amix,https://belok.ua/ua/anabolic-monster-beef-protein-1000-g-forest-fruits-1/,1555.0,,True,В наявності,2026-09-20 08:46
52529,"Whey-Pro FUSION - 2,3 кг",Amix,https://belok.ua/ua/whey-pro-fusion-1000-g-banana-1/,4799.0,,True,В наявності | Хіт продажу,2026-09-20 08:46
54109,"Protein Whey Isolate, 1350 г",Rule 1,https://belok.ua/ua/protein-480-g-shokolad-1/,4435.0,,True,В наявності,2026-09-20 08:46
52337,"R1 Casein - 1,8 кг",Rule 1,https://belok.ua/ua/casein-948-g-shokolad-1/,3498.0,,True,В наявності,2026-09-20 08:46
32859,Whey Protein - 455 г - Шоколад,Rule 1,https://belok.ua/ua/r1-whey-blend-476-g-shokolad/,1295.0,,True,В наявності,2026-09-20 08:46
53069,100% Whey Protein - 400 г,Nutrend,https://belok.ua/ua/100-whey-protein-1000-g-vanil-1/,1099.0,,True,В наявності,2026-09-20 08:46
52917,Whey Protein - 34 г,Rule 1,https://belok.ua/ua/whey-blend-462-g-vanilnyj-krem-1/,100.0,,True,В наявності,2026-09-20 08:46
39636,Soy Protein Isolate - 390 г,Ostrovit,https://belok.ua/ua/soy-protein-isolate-390-g/,325.0,,True,В наявності,2026-09-20 08:46
50612,Protein MIX - 1 кг,Power Pro,https://belok.ua/ua/power-pro-protein-mix/,1750.0,,True,В наявності,2026-09-20 08:46
52985,Iso Whey ProZero - 500 г,Nutrend,https://belok.ua/ua/iso-whey-prozero-2250-g-bilij-shokolad-1/,1588.0,,True,В наявності,2026-09-20 08:46
53975,"100% Whey Protein, 800 г",Nutrend,https://belok.ua/ua/100-whey-protein-1000-g-vanil-1/,2049.0,,True,В наявності,2026-09-20 08:46
54123,"Source 7 Protein, 820 г",Rule 1,https://belok.ua/ua/source-7-protein/,1555.0,,True,В наявності,2026-09-20 08:46
53829,HydroBeef® Protein - 1000 г,Amix,https://belok.ua/ua/hydrobeef-protein/,1599.0,,True,В наявності,2026-09-20 08:46
52305,Vegan Protein - 500 г,IronMaxx,https://belok.ua/ua/vegan-protein-500-g-paket-shokolad-1/,897.0,,True,В наявності,2026-09-20 08:46
54125,"Source 7 Protein, 41 г",Rule 1,https://belok.ua/ua/source-7-protein/,59.0,,True,В наявності,2026-09-20 08:46
54070,"HydroBeef High Class Protein, 2000 г",Amix,https://belok.ua/ua/hydrobeef-protein/,2977.0,,True,В наявності,2026-09-20 08:46
54124,"Source 7 Protein, 1800 г",Rule 1,https://belok.ua/ua/source-7-protein/,3268.0,,True,В наявності,2026-09-20 08:46
53310,Clear BEEF Protein - 1 кг - чорна смородина - ківі,Sporter,https://belok.ua/ua/clear-beef-protein-1-kg-chorna-smorodina-kivi/,1140.0,,True,В наявності,2026-09-20 08:46
52106,100% Whey Protein - 2350 г,IronMaxx,https://belok.ua/ua/100-whey-protein-2350-gr-banka-francuzskaya-vanil-1/,4999.0,,False,,2026-09-20 08:46
52528,Whey-Pro FUSION - 500 г,Amix,https://belok.ua/ua/whey-pro-fusion-1000-g-banana-1/,1249.0,,False,Хіт продажу,2026-09-20 08:46
53717,100% Standard Whey - 900 г,Sporter,https://belok.ua/ua/100-standart-whey/,1579.0,,False,Хіт продажу,2026-09-20 08:46
53732,100% Isolate - 700 г,Sporter,https://belok.ua/ua/100-isolate/,1598.0,,False,Хіт продажу,2026-09-20 08:46
52327,"Whey Isolate - 2,3 кг",Rule 1,https://belok.ua/ua/protein-480-g-shokolad-1/,6497.0,,False,,2026-09-20 08:46
50357,"Platinum Hydrowhey - 1,59 кг",Optimum Nutrition,https://belok.ua/ua/optimum-nutrition-platinum-hydrowhey/,5300.0,,False,,2026-09-20 08:46
52107,100% Whey Protein - 900 г,IronMaxx,https://belok.ua/ua/100-whey-protein-2350-gr-banka-francuzskaya-vanil-1/,2248.0,,False,Хіт продажу,2026-09-20 08:46
52530,IsoPrime CFM - 500 г,Amix,https://belok.ua/ua/isoprime-cfm-500g-cookies-cream-1/,1699.0,,False,,2026-09-20 08:46
53071,100% Whey Protein - 30 г,Nutrend,https://belok.ua/ua/100-whey-protein-1000-g-vanil-1/,95.0,,False,,2026-09-20 08:46
53933,Soy Isolate - 1кг - шоколад,Sporter,https://belok.ua/ua/soy-isolate-1kg-shokolad/,738.0,,False,,2026-09-20 08:46
53777,Whey Core - 1800 г,Nutrend,https://belok.ua/ua/whey-core/,2885.0,,False,,2026-09-20 08:46
53067,100% Whey Protein - 1000 г,Nutrend,https://belok.ua/ua/100-whey-protein-1000-g-vanil-1/,1999.0,,False,,2026-09-20 08:46
52790,Anabolic Monster Beef Protein - 33 г,Amix,https://belok.ua/ua/anabolic-monster-beef-protein-1000-g-forest-fruits-1/,79.0,,False,,2026-09-20 08:46
53779,Whey Core - 900 г,Nutrend,https://belok.ua/ua/whey-core/,1575.0,,False,,2026-09-20 08:46
52504,Amix Gourmet Protein - 1 кг,Amix,https://belok.ua/ua/gourmet-protein-1000g-strawberry-white-choco-1/,1995.0,,False,,2026-09-20 08:46
52326,Whey Isolate - 899 г,Rule 1,https://belok.ua/ua/protein-480-g-shokolad-1/,2799.0,,False,,2026-09-20 08:46
52526,Whey-Pro FUSION - 30 г,Amix,https://belok.ua/ua/whey-pro-fusion-1000-g-banana-1/,90.0,,False,,2026-09-20 08:46
53467,Ultra Premium Whey Protein Build - 34 г,Everbuild Nutrition,https://belok.ua/ua/ultra-premium-whey-protein-build/,55.0,,False,,2026-09-20 08:46
52532,ZeroPro Protein - 1 кг,Amix,https://belok.ua/ua/zeropro-protein-1000-g-creamy-vanilla-cheescake-1/,2595.0,,False,,2026-09-20 08:46
50043,"Syntha-6 - 2,27 кг",BSN,https://belok.ua/ua/bsn-syntha-6/,3985.0,,False,,2026-09-20 08:46
52533,ZeroPro Protein - 2 кг,Amix,https://belok.ua/ua/zeropro-protein-1000-g-creamy-vanilla-cheescake-1/,4999.0,,False,,2026-09-20 08:46
52993,Whey 100% Protein - 1 кг,Sporter,https://belok.ua/ua/whey-100-protein-1-kg-polunicya-1/,1658.0,,False,,2026-09-20 08:46
52994,Whey 100% Protein (lactose free) - 1 кг,Sporter,https://belok.ua/ua/whey-100-protein-1-kg-vanil-lactose-free-1/,1699.0,,False,,2026-09-20 08:46
53778,Whey Core - 32 г,Nutrend,https://belok.ua/ua/whey-core/,78.0,,False,,2026-09-20 08:46
50337,100% Gold Standard Casein - 850 грам,Optimum Nutrition,https://belok.ua/ua/optimum-nutrition-100-gold-standard-casein/,2099.0,,False,,2026-09-20 08:46
52984,Iso Whey ProZero - 2250 г,Nutrend,https://belok.ua/ua/iso-whey-prozero-2250-g-bilij-shokolad-1/,4359.0,,False,,2026-09-20 08:46
52108,100% Whey Protein - 500 г,IronMaxx,https://belok.ua/ua/100-whey-protein-2350-gr-banka-francuzskaya-vanil-1/,1097.0,,False,Хіт продажу,2026-09-20 08:46
52531,ZeroPro Protein - 35 г,Amix,https://belok.ua/ua/zeropro-protein-1000-g-creamy-vanilla-cheescake-1/,110.0,,False,,2026-09-20 08:46
53596,Whey Isolate - 480 г,Rule 1,https://belok.ua/ua/protein-480-g-shokolad-1/,1449.0,,False,,2026-09-20 08:46
50338,"100% Gold Standard Casein - 1,8 кг",Optimum Nutrition,https://belok.ua/ua/optimum-nutrition-100-gold-standard-casein/,3698.0,,False,,2026-09-20 08:46
53836,100% Whey Protein - 700 г,Ostrovit,https://belok.ua/ua/100-whey-protein/,999.0,,False,,2026-09-20 08:46
50042,"Syntha-6 - 1,32 кг",BSN,https://belok.ua/ua/bsn-syntha-6/,2448.0,,False,,2026-09-20 08:46
52757,AmixPro Micelle HD Casein - 700 г,Amix,https://belok.ua/ua/amixpro-micelle-hd-casein-700-g-2/,1199.0,,False,,2026-09-20 08:46
53487,Whey Protein Build 2.0 - 500 г,Everbuild Nutrition,https://belok.ua/ua/whey-protein-build-20-2270-g-solona-karamel/,759.0,,False,,2026-09-20 08:46
53443,Ultra Hydrolezed ISO Build - 2270 г,Everbuild Nutrition,https://belok.ua/ua/iso-build-protein-isolate-28-g-pechivokrem/,4099.0,,False,Хіт продажу,2026-09-20 08:46
53489,Whey Protein Build 2.0 - 2270 г,Everbuild Nutrition,https://belok.ua/ua/whey-protein-build-20-2270-g-solona-karamel/,2657.0,,False,,2026-09-20 08:46
53445,Ultra Hydrolezed ISO Build - 454 г,Everbuild Nutrition,https://belok.ua/ua/iso-build-protein-isolate-28-g-pechivokrem/,999.0,,False,,2026-09-20 08:46
53468,Ultra Premium Whey Protein Build - 2271 г,Everbuild Nutrition,https://belok.ua/ua/ultra-premium-whey-protein-build/,2658.0,,False,Хіт продажу,2026-09-20 08:46
53378,Micellar Casein Build - 1816 г,Everbuild Nutrition,https://belok.ua/ua/micellar-casein-build-1816-g-shokolad-1/,2335.0,,False,,2026-09-20 08:46
53470,Ultra Premium Whey Protein Build - 454 г,Everbuild Nutrition,https://belok.ua/ua/ultra-premium-whey-protein-build/,788.0,,False,,2026-09-20 08:46
53442,Ultra Hydrolezed ISO Build - 28 г,Everbuild Nutrition,https://belok.ua/ua/iso-build-protein-isolate-28-g-pechivokrem/,67.0,,False,,2026-09-20 08:46
53488,Whey Protein Build 2.0 - 1000 г,Everbuild Nutrition,https://belok.ua/ua/whey-protein-build-20-2270-g-solona-karamel/,1245.0,,False,,2026-09-20 08:46
53444,Ultra Hydrolezed ISO Build - 908 г,Everbuild Nutrition,https://belok.ua/ua/iso-build-protein-isolate-28-g-pechivokrem/,1799.0,,False,Хіт продажу,2026-09-20 08:46
53469,Ultra Premium Whey Protein Build - 908 г,Everbuild Nutrition,https://belok.ua/ua/ultra-premium-whey-protein-build/,1377.0,,False,Хіт продажу,2026-09-20 08:46
50321,"100% Whey Gold Standard - 2,27 кг",Optimum Nutrition,https://belok.ua/ua/100-whey-gold-standard/,5259.0,5849.0,True,-10% | В наявності,2026-09-21 09:14
52527,Whey-Pro FUSION - 1 кг,Amix,https://belok.ua/ua/whey-pro-fusion-1000-g-banana-1/,2299.0,,True,В наявності | Хіт продажу,2026-09-21 09:14
53716,100% Standard Whey - 2 кг,Sporter,https://belok.ua/ua/100-standart-whey/,2999.0,,True,В наявності | Хіт продажу,2026-09-21 09:14
52330,Whey Protein - 890 г,Rule 1,https://belok.ua/ua/whey-blend-462-g-vanilnyj-krem-1/,2098.0,,True,В наявності,2026-09-21 09:14
52331,"Whey Protein - 2,2 кг",Rule 1,https://belok.ua/ua/whey-blend-462-g-vanilnyj-krem-1/,3789.0,,True,В наявності,2026-09-21 09:14
50320,100% Whey Gold Standard - 909 г,Optimum Nutrition,https://belok.ua/ua/100-whey-gold-standard/,2359.0,2669.0,True,-12% | В наявності,2026-09-21 09:14
53731,"100% Isolate - 1,8 кг",Sporter,https://belok.ua/ua/100-isolate/,3299.0,,True,В наявності | Хіт продажу,2026-09-21 09:14
50612,Protein MIX - 1 кг,Power Pro,https://belok.ua/ua/power-pro-protein-mix/,1750.0,,True,В наявності,2026-09-21 09:14
52985,Iso Whey ProZero - 500 г,Nutrend,https://belok.ua/ua/iso-whey-prozero-2250-g-bilij-shokolad-1/,1588.0,,True,В наявності,2026-09-21 09:14
53975,"100% Whey Protein, 800 г",Nutrend,https://belok.ua/ua/100-whey-protein-1000-g-vanil-1/,2049.0,,True,В наявності,2026-09-21 09:14
50614,Whey Protein - 1 кг,Power Pro,https://belok.ua/ua/power-pro-whey-protein/,1810.0,,True,В наявності,2026-09-21 09:14
54104,"Protein Whey Isolate, 660 г",Rule 1,https://belok.ua/ua/protein-480-g-shokolad-1/,2335.0,,True,В наявності,2026-09-21 09:14
52336,R1 Casein - 0.9 кг,Rule 1,https://belok.ua/ua/casein-948-g-shokolad-1/,1975.0,,True,В наявності,2026-09-21 09:14
52789,"Anabolic Monster Beef Protein - 2,2 кг",Amix,https://belok.ua/ua/anabolic-monster-beef-protein-1000-g-forest-fruits-1/,2898.0,,True,В наявності,2026-09-21 09:14
32263,Whey Protein - 462 г - Ванільний крем,Rule 1,https://belok.ua/ua/whey-blend-462-g-vanilnyj-krem/,1295.0,,True,В наявності,2026-09-21 09:14
53068,100% Whey Protein - 2250 г,Nutrend,https://belok.ua/ua/100-whey-protein-1000-g-vanil-1/,4899.0,,True,В наявності,2026-09-21 09:14
52503,GreenDay Vege Fiit Protein - 720 г,Amix,https://belok.ua/ua/greenday-vege-fiit-protein-720-g-double-chocolate-1/,1075.0,,True,В наявності,2026-09-21 09:14
52842,IsoPrime CFM - 2 кг,Amix,https://belok.ua/ua/isoprime-cfm-500g-cookies-cream-1/,5788.0,,True,В наявності,2026-09-21 09:14
37732,Пробник Protein - Ваніль,Rule 1,https://belok.ua/ua/probnik-protein-vanil/,115.0,,True,В наявності,2026-09-21 09:14
52506,Amix Gold Whey Protein Isolate - 2280 г,Amix,https://belok.ua/ua/gold-whey-protein-isolate-2280-g-banana-1/,5999.0,,True,В наявності,2026-09-21 09:14
39681,Protein Shot - 60 мл - апельсин,Nutrend,https://belok.ua/ua/protein-shot-60-ml-120-apelsin/,95.0,,True,В наявності,2026-09-21 09:14
52749,IsoPrime CFM - 1 кг,Amix,https://belok.ua/ua/isoprime-cfm-500g-cookies-cream-1/,2997.0,,True,В наявності,2026-09-21 09:14
50613,Femine-PRO - 1 кг,Power Pro,https://belok.ua/ua/power-pro-femine-pro/,1845.0,,True,В наявності,2026-09-21 09:14
52788,Anabolic Monster Beef Protein - 1 кг,Amix,https://belok.ua/ua/anabolic-monster-beef-protein-1000-g-forest-fruits-1/,1555.0,,True,В наявності,2026-09-21 09:14
52529,"Whey-Pro FUSION - 2,3 кг",Amix,https://belok.ua/ua/whey-pro-fusion-1000-g-banana-1/,4799.0,,True,В наявності | Хіт продажу,2026-09-21 09:14
53069,100% Whey Protein - 400 г,Nutrend,https://belok.ua/ua/100-whey-protein-1000-g-vanil-1/,1099.0,,True,В наявності,2026-09-21 09:14
52917,Whey Protein - 34 г,Rule 1,https://belok.ua/ua/whey-blend-462-g-vanilnyj-krem-1/,100.0,,True,В наявності,2026-09-21 09:14
39636,Soy Protein Isolate - 390 г,Ostrovit,https://belok.ua/ua/soy-protein-isolate-390-g/,325.0,,True,В наявності,2026-09-21 09:14
54123,"Source 7 Protein, 820 г",Rule 1,https://belok.ua/ua/source-7-protein/,1555.0,,True,В наявності,2026-09-21 09:14
53829,HydroBeef® Protein - 1000 г,Amix,https://belok.ua/ua/hydrobeef-protein/,1599.0,,True,В наявності,2026-09-21 09:14
52305,Vegan Protein - 500 г,IronMaxx,https://belok.ua/ua/vegan-protein-500-g-paket-shokolad-1/,897.0,,True,В наявності,2026-09-21 09:14
54125,"Source 7 Protein, 41 г",Rule 1,https://belok.ua/ua/source-7-protein/,59.0,,True,В наявності,2026-09-21 09:14
54070,"HydroBeef High Class Protein, 2000 г",Amix,https://belok.ua/ua/hydrobeef-protein/,2977.0,,True,В наявності,2026-09-21 09:14
54124,"Source 7 Protein, 1800 г",Rule 1,https://belok.ua/ua/source-7-protein/,3268.0,,True,В наявності,2026-09-21 09:14
53310,Clear BEEF Protein - 1 кг - чорна смородина - ківі,Sporter,https://belok.ua/ua/clear-beef-protein-1-kg-chorna-smorodina-kivi/,1140.0,,True,В наявності,2026-09-21 09:14
52106,100% Whey Protein - 2350 г,IronMaxx,https://belok.ua/ua/100-whey-protein-2350-gr-banka-francuzskaya-vanil-1/,4999.0,,False,,2026-09-21 09:14
52528,Whey-Pro FUSION - 500 г,Amix,https://belok.ua/ua/whey-pro-fusion-1000-g-banana-1/,1249.0,,False,Хіт продажу,2026-09-21 09:14
53717,100% Standard Whey - 900 г,Sporter,https://belok.ua/ua/100-standart-whey/,1579.0,,False,Хіт продажу,2026-09-21 09:14
53732,100% Isolate - 700 г,Sporter,https://belok.ua/ua/100-isolate/,1598.0,,False,Хіт продажу,2026-09-21 09:14
52327,"Whey Isolate - 2,3 кг",Rule 1,https://belok.ua/ua/protein-480-g-shokolad-1/,6497.0,,False,,2026-09-21 09:14
50357,"Platinum Hydrowhey - 1,59 кг",Optimum Nutrition,https://belok.ua/ua/optimum-nutrition-platinum-hydrowhey/,5300.0,,False,,2026-09-21 09:14
52107,100% Whey Protein - 900 г,IronMaxx,https://belok.ua/ua/100-whey-protein-2350-gr-banka-francuzskaya-vanil-1/,2248.0,,False,Хіт продажу,2026-09-21 09:14
52530,IsoPrime CFM - 500 г,Amix,https://belok.ua/ua/isoprime-cfm-500g-cookies-cream-1/,1699.0,,False,,2026-09-21 09:14
53071,100% Whey Protein - 30 г,Nutrend,https://belok.ua/ua/100-whey-protein-1000-g-vanil-1/,95.0,,False,,2026-09-21 09:14
53933,Soy Isolate - 1кг - шоколад,Sporter,https://belok.ua/ua/soy-isolate-1kg-shokolad/,738.0,,False,,2026-09-21 09:14
53777,Whey Core - 1800 г,Nutrend,https://belok.ua/ua/whey-core/,2885.0,,False,,2026-09-21 09:14
53067,100% Whey Protein - 1000 г,Nutrend,https://belok.ua/ua/100-whey-protein-1000-g-vanil-1/,1999.0,,False,,2026-09-21 09:14
52504,Amix Gourmet Protein - 1 кг,Amix,https://belok.ua/ua/gourmet-protein-1000g-strawberry-white-choco-1/,1995.0,,False,,2026-09-21 09:14
52326,Whey Isolate - 899 г,Rule 1,https://belok.ua/ua/protein-480-g-shokolad-1/,2799.0,,False,,2026-09-21 09:14
52526,Whey-Pro FUSION - 30 г,Amix,https://belok.ua/ua/whey-pro-fusion-1000-g-banana-1/,90.0,,False,,2026-09-21 09:14
53467,Ultra Premium Whey Protein Build - 34 г,Everbuild Nutrition,https://belok.ua/ua/ultra-premium-whey-protein-build/,55.0,,False,,2026-09-21 09:14
52532,ZeroPro Protein - 1 кг,Amix,https://belok.ua/ua/zeropro-protein-1000-g-creamy-vanilla-cheescake-1/,2595.0,,False,,2026-09-21 09:14
50043,"Syntha-6 - 2,27 кг",BSN,https://belok.ua/ua/bsn-syntha-6/,3985.0,,False,,2026-09-21 09:14
52533,ZeroPro Protein - 2 кг,Amix,https://belok.ua/ua/zeropro-protein-1000-g-creamy-vanilla-cheescake-1/,4999.0,,False,,2026-09-21 09:14
52993,Whey 100% Protein - 1 кг,Sporter,https://belok.ua/ua/whey-100-protein-1-kg-polunicya-1/,1658.0,,False,,2026-09-21 09:14
52994,Whey 100% Protein (lactose free) - 1 кг,Sporter,https://belok.ua/ua/whey-100-protein-1-kg-vanil-lactose-free-1/,1699.0,,False,,2026-09-21 09:14
52984,Iso Whey ProZero - 2250 г,Nutrend,https://belok.ua/ua/iso-whey-prozero-2250-g-bilij-shokolad-1/,4359.0,,False,,2026-09-21 09:14
53596,Whey Isolate - 480 г,Rule 1,https://belok.ua/ua/protein-480-g-shokolad-1/,1449.0,,False,,2026-09-21 09:14
52108,100% Whey Protein - 500 г,IronMaxx,https://belok.ua/ua/100-whey-protein-2350-gr-banka-francuzskaya-vanil-1/,1097.0,,False,Хіт продажу,2026-09-21 09:14
52531,ZeroPro Protein - 35 г,Amix,https://belok.ua/ua/zeropro-protein-1000-g-creamy-vanilla-cheescake-1/,110.0,,False,,2026-09-21 09:14
53836,100% Whey Protein - 700 г,Ostrovit,https://belok.ua/ua/100-whey-protein/,999.0,,False,,2026-09-21 09:14
50338,"100% Gold Standard Casein - 1,8 кг",Optimum Nutrition,https://belok.ua/ua/optimum-nutrition-100-gold-standard-casein/,3698.0,,False,,2026-09-21 09:14
50042,"Syntha-6 - 1,32 кг",BSN,https://belok.ua/ua/bsn-syntha-6/,2448.0,,False,,2026-09-21 09:14
52757,AmixPro Micelle HD Casein - 700 г,Amix,https://belok.ua/ua/amixpro-micelle-hd-casein-700-g-2/,1199.0,,False,,2026-09-21 09:14
53778,Whey Core - 32 г,Nutrend,https://belok.ua/ua/whey-core/,78.0,,False,,2026-09-21 09:14
50337,100% Gold Standard Casein - 850 грам,Optimum Nutrition,https://belok.ua/ua/optimum-nutrition-100-gold-standard-casein/,2099.0,,False,,2026-09-21 09:14
53468,Ultra Premium Whey Protein Build - 2271 г,Everbuild Nutrition,https://belok.ua/ua/ultra-premium-whey-protein-build/,2658.0,,False,Хіт продажу,2026-09-21 09:14
53378,Micellar Casein Build - 1816 г,Everbuild Nutrition,https://belok.ua/ua/micellar-casein-build-1816-g-shokolad-1/,2335.0,,False,,2026-09-21 09:14
53470,Ultra Premium Whey Protein Build - 454 г,Everbuild Nutrition,https://belok.ua/ua/ultra-premium-whey-protein-build/,788.0,,False,,2026-09-21 09:14
53442,Ultra Hydrolezed ISO Build - 28 г,Everbuild Nutrition,https://belok.ua/ua/iso-build-protein-isolate-28-g-pechivokrem/,67.0,,False,,2026-09-21 09:14
53380,Micellar Casein Build - 908 г,Everbuild Nutrition,https://belok.ua/ua/micellar-casein-build-1816-g-shokolad-1/,1245.0,,False,,2026-09-21 09:14
53487,Whey Protein Build 2.0 - 500 г,Everbuild Nutrition,https://belok.ua/ua/whey-protein-build-20-2270-g-solona-karamel/,759.0,,False,,2026-09-21 09:14
53443,Ultra Hydrolezed ISO Build - 2270 г,Everbuild Nutrition,https://belok.ua/ua/iso-build-protein-isolate-28-g-pechivokrem/,4099.0,,False,Хіт продажу,2026-09-21 09:14
53489,Whey Protein Build 2.0 - 2270 г,Everbuild Nutrition,https://belok.ua/ua/whey-protein-build-20-2270-g-solona-karamel/,2657.0,,False,,2026-09-21 09:14
53445,Ultra Hydrolezed ISO Build - 454 г,Everbuild Nutrition,https://belok.ua/ua/iso-build-protein-isolate-28-g-pechivokrem/,999.0,,False,,2026-09-21 09:14
52790,Anabolic Monster Beef Protein - 33 г,Amix,https://belok.ua/ua/anabolic-monster-beef-protein-1000-g-forest-fruits-1/,79.0,,False,,2026-09-21 09:14
53779,Whey Core - 900 г,Nutrend,https://belok.ua/ua/whey-core/,1575.0,,False,,2026-09-21 09:14
53469,Ultra Premium Whey Protein Build - 908 г,Everbuild Nutrition,https://belok.ua/ua/ultra-premium-whey-protein-build/,1377.0,,False,Хіт продажу,2026-09-21 09:14
53488,Whey Protein Build 2.0 - 1000 г,Everbuild Nutrition,https://belok.ua/ua/whey-protein-build-20-2270-g-solona-karamel/,1245.0,,False,,2026-09-21 09:14
53444,Ultra Hydrolezed ISO Build - 908 г,Everbuild Nutrition,https://belok.ua/ua/iso-build-protein-isolate-28-g-pechivokrem/,1799.0,,False,Хіт продажу,2026-09-21 09:14
50321,"100% Whey Gold Standard - 2,27 кг",Optimum Nutrition,https://belok.ua/ua/100-whey-gold-standard/,5259.0,5849.0,True,-10% | В наявності,2026-09-22 08:46
52527,Whey-Pro FUSION - 1 кг,Amix,https://belok.ua/ua/whey-pro-fusion-1000-g-banana-1/,2299.0,,True,В наявності | Хіт продажу,2026-09-22 08:46
53716,100% Standard Whey - 2 кг,Sporter,https://belok.ua/ua/100-standart-whey/,2999.0,,True,В наявності | Хіт продажу,2026-09-22 08:46
52330,Whey Protein - 890 г,Rule 1,https://belok.ua/ua/whey-blend-462-g-vanilnyj-krem-1/,2098.0,,True,В наявності,2026-09-22 08:46
52331,"Whey Protein - 2,2 кг",Rule 1,https://belok.ua/ua/whey-blend-462-g-vanilnyj-krem-1/,3789.0,,True,В наявності,2026-09-22 08:46
50320,100% Whey Gold Standard - 909 г,Optimum Nutrition,https://belok.ua/ua/100-whey-gold-standard/,2359.0,2669.0,True,-12% | В наявності,2026-09-22 08:46
53731,"100% Isolate - 1,8 кг",Sporter,https://belok.ua/ua/100-isolate/,3299.0,,True,В наявності | Хіт продажу,2026-09-22 08:46
52917,Whey Protein - 34 г,Rule 1,https://belok.ua/ua/whey-blend-462-g-vanilnyj-krem-1/,100.0,,True,В наявності,2026-09-22 08:46
39636,Soy Protein Isolate - 390 г,Ostrovit,https://belok.ua/ua/soy-protein-isolate-390-g/,325.0,,True,В наявності,2026-09-22 08:46
50612,Protein MIX - 1 кг,Power Pro,https://belok.ua/ua/power-pro-protein-mix/,1750.0,,True,В наявності,2026-09-22 08:46
52985,Iso Whey ProZero - 500 г,Nutrend,https://belok.ua/ua/iso-whey-prozero-2250-g-bilij-shokolad-1/,1588.0,,True,В наявності,2026-09-22 08:46
53975,"100% Whey Protein, 800 г",Nutrend,https://belok.ua/ua/100-whey-protein-1000-g-vanil-1/,2049.0,,True,В наявності,2026-09-22 08:46
50614,Whey Protein - 1 кг,Power Pro,https://belok.ua/ua/power-pro-whey-protein/,1810.0,,True,В наявності,2026-09-22 08:46
54104,"Protein Whey Isolate, 660 г",Rule 1,https://belok.ua/ua/protein-480-g-shokolad-1/,2335.0,,True,В наявності,2026-09-22 08:46
52336,R1 Casein - 0.9 кг,Rule 1,https://belok.ua/ua/casein-948-g-shokolad-1/,1975.0,,True,В наявності,2026-09-22 08:46
52789,"Anabolic Monster Beef Protein - 2,2 кг",Amix,https://belok.ua/ua/anabolic-monster-beef-protein-1000-g-forest-fruits-1/,2898.0,,True,В наявності,2026-09-22 08:46
32263,Whey Protein - 462 г - Ванільний крем,Rule 1,https://belok.ua/ua/whey-blend-462-g-vanilnyj-krem/,1295.0,,True,В наявності,2026-09-22 08:46
53068,100% Whey Protein - 2250 г,Nutrend,https://belok.ua/ua/100-whey-protein-1000-g-vanil-1/,4899.0,,True,В наявності,2026-09-22 08:46
52503,GreenDay Vege Fiit Protein - 720 г,Amix,https://belok.ua/ua/greenday-vege-fiit-protein-720-g-double-chocolate-1/,1075.0,,True,В наявності,2026-09-22 08:46
52842,IsoPrime CFM - 2 кг,Amix,https://belok.ua/ua/isoprime-cfm-500g-cookies-cream-1/,5788.0,,True,В наявності,2026-09-22 08:46
37732,Пробник Protein - Ваніль,Rule 1,https://belok.ua/ua/probnik-protein-vanil/,115.0,,True,В наявності,2026-09-22 08:46
52506,Amix Gold Whey Protein Isolate - 2280 г,Amix,https://belok.ua/ua/gold-whey-protein-isolate-2280-g-banana-1/,5999.0,,True,В наявності,2026-09-22 08:46
39681,Protein Shot - 60 мл - апельсин,Nutrend,https://belok.ua/ua/protein-shot-60-ml-120-apelsin/,95.0,,True,В наявності,2026-09-22 08:46
52749,IsoPrime CFM - 1 кг,Amix,https://belok.ua/ua/isoprime-cfm-500g-cookies-cream-1/,2997.0,,True,В наявності,2026-09-22 08:46
50613,Femine-PRO - 1 кг,Power Pro,https://belok.ua/ua/power-pro-femine-pro/,1845.0,,True,В наявності,2026-09-22 08:46
53829,HydroBeef® Protein - 1000 г,Amix,https://belok.ua/ua/hydrobeef-protein/,1599.0,,True,В наявності,2026-09-22 08:46
52305,Vegan Protein - 500 г,IronMaxx,https://belok.ua/ua/vegan-protein-500-g-paket-shokolad-1/,897.0,,True,В наявності,2026-09-22 08:46
54125,"Source 7 Protein, 41 г",Rule 1,https://belok.ua/ua/source-7-protein/,59.0,,True,В наявності,2026-09-22 08:46
54070,"HydroBeef High Class Protein, 2000 г",Amix,https://belok.ua/ua/hydrobeef-protein/,2977.0,,True,В наявності,2026-09-22 08:46
54124,"Source 7 Protein, 1800 г",Rule 1,https://belok.ua/ua/source-7-protein/,3268.0,,True,В наявності,2026-09-22 08:46
53310,Clear BEEF Protein - 1 кг - чорна смородина - ківі,Sporter,https://belok.ua/ua/clear-beef-protein-1-kg-chorna-smorodina-kivi/,1299.0,,True,В наявності,2026-09-22 08:46
54123,"Source 7 Protein, 820 г",Rule 1,https://belok.ua/ua/source-7-protein/,1555.0,,True,В наявності,2026-09-22 08:46
52106,100% Whey Protein - 2350 г,IronMaxx,https://belok.ua/ua/100-whey-protein-2350-gr-banka-francuzskaya-vanil-1/,4999.0,,False,,2026-09-22 08:46
52528,Whey-Pro FUSION - 500 г,Amix,https://belok.ua/ua/whey-pro-fusion-1000-g-banana-1/,1249.0,,False,Хіт продажу,2026-09-22 08:46
53717,100% Standard Whey - 900 г,Sporter,https://belok.ua/ua/100-standart-whey/,1579.0,,False,Хіт продажу,2026-09-22 08:46
53732,100% Isolate - 700 г,Sporter,https://belok.ua/ua/100-isolate/,1598.0,,False,Хіт продажу,2026-09-22 08:46
52327,"Whey Isolate - 2,3 кг",Rule 1,https://belok.ua/ua/protein-480-g-shokolad-1/,6497.0,,False,,2026-09-22 08:46
50357,"Platinum Hydrowhey - 1,59 кг",Optimum Nutrition,https://belok.ua/ua/optimum-nutrition-platinum-hydrowhey/,5300.0,,False,,2026-09-22 08:46
53071,100% Whey Protein - 30 г,Nutrend,https://belok.ua/ua/100-whey-protein-1000-g-vanil-1/,95.0,,False,,2026-09-22 08:46
53933,Soy Isolate - 1кг - шоколад,Sporter,https://belok.ua/ua/soy-isolate-1kg-shokolad/,738.0,,False,,2026-09-22 08:46
53777,Whey Core - 1800 г,Nutrend,https://belok.ua/ua/whey-core/,2885.0,,False,,2026-09-22 08:46
53067,100% Whey Protein - 1000 г,Nutrend,https://belok.ua/ua/100-whey-protein-1000-g-vanil-1/,1999.0,,False,,2026-09-22 08:46
52790,Anabolic Monster Beef Protein - 33 г,Amix,https://belok.ua/ua/anabolic-monster-beef-protein-1000-g-forest-fruits-1/,79.0,,False,,2026-09-22 08:46
53779,Whey Core - 900 г,Nutrend,https://belok.ua/ua/whey-core/,1575.0,,False,,2026-09-22 08:46
52504,Amix Gourmet Protein - 1 кг,Amix,https://belok.ua/ua/gourmet-protein-1000g-strawberry-white-choco-1/,1995.0,,False,,2026-09-22 08:46
52326,Whey Isolate - 899 г,Rule 1,https://belok.ua/ua/protein-480-g-shokolad-1/,2799.0,,False,,2026-09-22 08:46
53467,Ultra Premium Whey Protein Build - 34 г,Everbuild Nutrition,https://belok.ua/ua/ultra-premium-whey-protein-build/,55.0,,False,,2026-09-22 08:46
52532,ZeroPro Protein - 1 кг,Amix,https://belok.ua/ua/zeropro-protein-1000-g-creamy-vanilla-cheescake-1/,2595.0,,False,,2026-09-22 08:46
50043,"Syntha-6 - 2,27 кг",BSN,https://belok.ua/ua/bsn-syntha-6/,3985.0,,False,,2026-09-22 08:46
52533,ZeroPro Protein - 2 кг,Amix,https://belok.ua/ua/zeropro-protein-1000-g-creamy-vanilla-cheescake-1/,4999.0,,False,,2026-09-22 08:46
52993,Whey 100% Protein - 1 кг,Sporter,https://belok.ua/ua/whey-100-protein-1-kg-polunicya-1/,1658.0,,False,,2026-09-22 08:46
52994,Whey 100% Protein (lactose free) - 1 кг,Sporter,https://belok.ua/ua/whey-100-protein-1-kg-vanil-lactose-free-1/,1699.0,,False,,2026-09-22 08:46
50042,"Syntha-6 - 1,32 кг",BSN,https://belok.ua/ua/bsn-syntha-6/,2448.0,,False,,2026-09-22 08:46
52757,AmixPro Micelle HD Casein - 700 г,Amix,https://belok.ua/ua/amixpro-micelle-hd-casein-700-g-2/,1199.0,,False,,2026-09-22 08:46
53778,Whey Core - 32 г,Nutrend,https://belok.ua/ua/whey-core/,78.0,,False,,2026-09-22 08:46
50337,100% Gold Standard Casein - 850 грам,Optimum Nutrition,https://belok.ua/ua/optimum-nutrition-100-gold-standard-casein/,2099.0,,False,,2026-09-22 08:46
52984,Iso Whey ProZero - 2250 г,Nutrend,https://belok.ua/ua/iso-whey-prozero-2250-g-bilij-shokolad-1/,4359.0,,False,,2026-09-22 08:46
52108,100% Whey Protein - 500 г,IronMaxx,https://belok.ua/ua/100-whey-protein-2350-gr-banka-francuzskaya-vanil-1/,1097.0,,False,Хіт продажу,2026-09-22 08:46
52531,ZeroPro Protein - 35 г,Amix,https://belok.ua/ua/zeropro-protein-1000-g-creamy-vanilla-cheescake-1/,110.0,,False,,2026-09-22 08:46
53596,Whey Isolate - 480 г,Rule 1,https://belok.ua/ua/protein-480-g-shokolad-1/,1449.0,,False,,2026-09-22 08:46
50338,"100% Gold Standard Casein - 1,8 кг",Optimum Nutrition,https://belok.ua/ua/optimum-nutrition-100-gold-standard-casein/,3698.0,,False,,2026-09-22 08:46
53836,100% Whey Protein - 700 г,Ostrovit,https://belok.ua/ua/100-whey-protein/,999.0,,False,,2026-09-22 08:46
53469,Ultra Premium Whey Protein Build - 908 г,Everbuild Nutrition,https://belok.ua/ua/ultra-premium-whey-protein-build/,1377.0,,False,Хіт продажу,2026-09-22 08:46
53380,Micellar Casein Build - 908 г,Everbuild Nutrition,https://belok.ua/ua/micellar-casein-build-1816-g-shokolad-1/,1245.0,,False,,2026-09-22 08:46
53487,Whey Protein Build 2.0 - 500 г,Everbuild Nutrition,https://belok.ua/ua/whey-protein-build-20-2270-g-solona-karamel/,759.0,,False,,2026-09-22 08:46
53443,Ultra Hydrolezed ISO Build - 2270 г,Everbuild Nutrition,https://belok.ua/ua/iso-build-protein-isolate-28-g-pechivokrem/,4099.0,,False,Хіт продажу,2026-09-22 08:46
53444,Ultra Hydrolezed ISO Build - 908 г,Everbuild Nutrition,https://belok.ua/ua/iso-build-protein-isolate-28-g-pechivokrem/,1799.0,,False,Хіт продажу,2026-09-22 08:46
54166,Clear BEEF Protein - 1 кг - полуниця з вершками,Sporter,https://belok.ua/ua/clear-beef-protein-1-kg-klubnika-so-slivkami/,1299.0,,False,Новинки,2026-09-22 08:46
53489,Whey Protein Build 2.0 - 2270 г,Everbuild Nutrition,https://belok.ua/ua/whey-protein-build-20-2270-g-solona-karamel/,2657.0,,False,,2026-09-22 08:46
53445,Ultra Hydrolezed ISO Build - 454 г,Everbuild Nutrition,https://belok.ua/ua/iso-build-protein-isolate-28-g-pechivokrem/,999.0,,False,,2026-09-22 08:46
53468,Ultra Premium Whey Protein Build - 2271 г,Everbuild Nutrition,https://belok.ua/ua/ultra-premium-whey-protein-build/,2658.0,,False,Хіт продажу,2026-09-22 08:46
52788,Anabolic Monster Beef Protein - 1 кг,Amix,https://belok.ua/ua/anabolic-monster-beef-protein-1000-g-forest-fruits-1/,1555.0,,True,В наявності,2026-09-22 08:46
52529,"Whey-Pro FUSION - 2,3 кг",Amix,https://belok.ua/ua/whey-pro-fusion-1000-g-banana-1/,4799.0,,True,В наявності | Хіт продажу,2026-09-22 08:46
54109,"Protein Whey Isolate, 1350 г",Rule 1,https://belok.ua/ua/protein-480-g-shokolad-1/,4435.0,,True,В наявності,2026-09-22 08:46
52337,"R1 Casein - 1,8 кг",Rule 1,https://belok.ua/ua/casein-948-g-shokolad-1/,3498.0,,True,В наявності,2026-09-22 08:46
32859,Whey Protein - 455 г - Шоколад,Rule 1,https://belok.ua/ua/r1-whey-blend-476-g-shokolad/,1295.0,,True,В наявності,2026-09-22 08:46
53069,100% Whey Protein - 400 г,Nutrend,https://belok.ua/ua/100-whey-protein-1000-g-vanil-1/,1099.0,,True,В наявності,2026-09-22 08:46
52530,IsoPrime CFM - 500 г,Amix,https://belok.ua/ua/isoprime-cfm-500g-cookies-cream-1/,1699.0,,False,,2026-09-22 08:46
50321,"100% Whey Gold Standard - 2,27 кг",Optimum Nutrition,https://belok.ua/ua/100-whey-gold-standard/,5259.0,5849.0,True,-10% | В наявності,2026-09-23 08:47
52527,Whey-Pro FUSION - 1 кг,Amix,https://belok.ua/ua/whey-pro-fusion-1000-g-banana-1/,2299.0,,True,В наявності | Хіт продажу,2026-09-23 08:47
53716,100% Standard Whey - 2 кг,Sporter,https://belok.ua/ua/100-standart-whey/,2999.0,,True,В наявності | Хіт продажу,2026-09-23 08:47
52331,"Whey Protein - 2,2 кг",Rule 1,https://belok.ua/ua/whey-blend-462-g-vanilnyj-krem-1/,3789.0,,True,В наявності,2026-09-23 08:47
52330,Whey Protein - 890 г,Rule 1,https://belok.ua/ua/whey-blend-462-g-vanilnyj-krem-1/,2098.0,,True,В наявності,2026-09-23 08:47
50320,100% Whey Gold Standard - 909 г,Optimum Nutrition,https://belok.ua/ua/100-whey-gold-standard/,2359.0,2669.0,True,-12% | В наявності,2026-09-23 08:47
53731,"100% Isolate - 1,8 кг",Sporter,https://belok.ua/ua/100-isolate/,3299.0,,True,В наявності | Хіт продажу,2026-09-23 08:47
52788,Anabolic Monster Beef Protein - 1 кг,Amix,https://belok.ua/ua/anabolic-monster-beef-protein-1000-g-forest-fruits-1/,1555.0,,True,В наявності,2026-09-23 08:47
52529,"Whey-Pro FUSION - 2,3 кг",Amix,https://belok.ua/ua/whey-pro-fusion-1000-g-banana-1/,4799.0,,True,В наявності | Хіт продажу,2026-09-23 08:47
54109,"Protein Whey Isolate, 1350 г",Rule 1,https://belok.ua/ua/protein-480-g-shokolad-1/,4435.0,,True,В наявності,2026-09-23 08:47
52337,"R1 Casein - 1,8 кг",Rule 1,https://belok.ua/ua/casein-948-g-shokolad-1/,3498.0,,True,В наявності,2026-09-23 08:47
32859,Whey Protein - 455 г - Шоколад,Rule 1,https://belok.ua/ua/r1-whey-blend-476-g-shokolad/,1295.0,,True,В наявності,2026-09-23 08:47
52917,Whey Protein - 34 г,Rule 1,https://belok.ua/ua/whey-blend-462-g-vanilnyj-krem-1/,100.0,,True,В наявності,2026-09-23 08:47
39636,Soy Protein Isolate - 390 г,Ostrovit,https://belok.ua/ua/soy-protein-isolate-390-g/,325.0,,True,В наявності,2026-09-23 08:47
52985,Iso Whey ProZero - 500 г,Nutrend,https://belok.ua/ua/iso-whey-prozero-2250-g-bilij-shokolad-1/,1588.0,,True,В наявності,2026-09-23 08:47
53975,"100% Whey Protein, 800 г",Nutrend,https://belok.ua/ua/100-whey-protein-1000-g-vanil-1/,2049.0,,True,В наявності,2026-09-23 08:47
50612,Protein MIX - 1 кг,Power Pro,https://belok.ua/ua/power-pro-protein-mix/,1750.0,,True,В наявності,2026-09-23 08:47
54104,"Protein Whey Isolate, 660 г",Rule 1,https://belok.ua/ua/protein-480-g-shokolad-1/,2335.0,,True,В наявності,2026-09-23 08:47
50614,Whey Protein - 1 кг,Power Pro,https://belok.ua/ua/power-pro-whey-protein/,1810.0,,True,В наявності,2026-09-23 08:47
52789,"Anabolic Monster Beef Protein - 2,2 кг",Amix,https://belok.ua/ua/anabolic-monster-beef-protein-1000-g-forest-fruits-1/,2898.0,,True,В наявності,2026-09-23 08:47
52336,R1 Casein - 0.9 кг,Rule 1,https://belok.ua/ua/casein-948-g-shokolad-1/,1975.0,,True,В наявності,2026-09-23 08:47
53068,100% Whey Protein - 2250 г,Nutrend,https://belok.ua/ua/100-whey-protein-1000-g-vanil-1/,4899.0,,True,В наявності,2026-09-23 08:47
32263,Whey Protein - 462 г - Ванільний крем,Rule 1,https://belok.ua/ua/whey-blend-462-g-vanilnyj-krem/,1295.0,,True,В наявності,2026-09-23 08:47
52842,IsoPrime CFM - 2 кг,Amix,https://belok.ua/ua/isoprime-cfm-500g-cookies-cream-1/,5788.0,,True,В наявності,2026-09-23 08:47
52503,GreenDay Vege Fiit Protein - 720 г,Amix,https://belok.ua/ua/greenday-vege-fiit-protein-720-g-double-chocolate-1/,1075.0,,True,В наявності,2026-09-23 08:47
50613,Femine-PRO - 1 кг,Power Pro,https://belok.ua/ua/power-pro-femine-pro/,1845.0,,True,В наявності,2026-09-23 08:47
54124,"Source 7 Protein, 1800 г",Rule 1,https://belok.ua/ua/source-7-protein/,3268.0,,True,В наявності,2026-09-23 08:47
53310,Clear BEEF Protein - 1 кг - чорна смородина - ківі,Sporter,https://belok.ua/ua/clear-beef-protein-1-kg-chorna-smorodina-kivi/,1299.0,,True,В наявності,2026-09-23 08:47
54166,Clear BEEF Protein - 1 кг - полуниця з вершками,Sporter,https://belok.ua/ua/clear-beef-protein-1-kg-klubnika-so-slivkami/,1299.0,,True,В наявності | Новинки,2026-09-23 08:47
54123,"Source 7 Protein, 820 г",Rule 1,https://belok.ua/ua/source-7-protein/,1555.0,,True,В наявності,2026-09-23 08:47
53829,HydroBeef® Protein - 1000 г,Amix,https://belok.ua/ua/hydrobeef-protein/,1599.0,,True,В наявності,2026-09-23 08:47
52305,Vegan Protein - 500 г,IronMaxx,https://belok.ua/ua/vegan-protein-500-g-paket-shokolad-1/,897.0,,True,В наявності,2026-09-23 08:47
54125,"Source 7 Protein, 41 г",Rule 1,https://belok.ua/ua/source-7-protein/,59.0,,True,В наявності,2026-09-23 08:47
54070,"HydroBeef High Class Protein, 2000 г",Amix,https://belok.ua/ua/hydrobeef-protein/,2977.0,,True,В наявності,2026-09-23 08:47
52106,100% Whey Protein - 2350 г,IronMaxx,https://belok.ua/ua/100-whey-protein-2350-gr-banka-francuzskaya-vanil-1/,4999.0,,False,,2026-09-23 08:47
52528,Whey-Pro FUSION - 500 г,Amix,https://belok.ua/ua/whey-pro-fusion-1000-g-banana-1/,1249.0,,False,Хіт продажу,2026-09-23 08:47
53717,100% Standard Whey - 900 г,Sporter,https://belok.ua/ua/100-standart-whey/,1579.0,,False,Хіт продажу,2026-09-23 08:47
53732,100% Isolate - 700 г,Sporter,https://belok.ua/ua/100-isolate/,1598.0,,False,Хіт продажу,2026-09-23 08:47
52327,"Whey Isolate - 2,3 кг",Rule 1,https://belok.ua/ua/protein-480-g-shokolad-1/,6497.0,,False,,2026-09-23 08:47
50357,"Platinum Hydrowhey - 1,59 кг",Optimum Nutrition,https://belok.ua/ua/optimum-nutrition-platinum-hydrowhey/,5300.0,,False,,2026-09-23 08:47
53069,100% Whey Protein - 400 г,Nutrend,https://belok.ua/ua/100-whey-protein-1000-g-vanil-1/,1099.0,,False,,2026-09-23 08:47
52504,Amix Gourmet Protein - 1 кг,Amix,https://belok.ua/ua/gourmet-protein-1000g-strawberry-white-choco-1/,1995.0,,False,,2026-09-23 08:47
52326,Whey Isolate - 899 г,Rule 1,https://belok.ua/ua/protein-480-g-shokolad-1/,2799.0,,False,,2026-09-23 08:47
52526,Whey-Pro FUSION - 30 г,Amix,https://belok.ua/ua/whey-pro-fusion-1000-g-banana-1/,90.0,,False,,2026-09-23 08:47
52107,100% Whey Protein - 900 г,IronMaxx,https://belok.ua/ua/100-whey-protein-2350-gr-banka-francuzskaya-vanil-1/,2248.0,,False,Хіт продажу,2026-09-23 08:47
52530,IsoPrime CFM - 500 г,Amix,https://belok.ua/ua/isoprime-cfm-500g-cookies-cream-1/,1699.0,,False,,2026-09-23 08:47
52790,Anabolic Monster Beef Protein - 33 г,Amix,https://belok.ua/ua/anabolic-monster-beef-protein-1000-g-forest-fruits-1/,79.0,,False,,2026-09-23 08:47
53779,Whey Core - 900 г,Nutrend,https://belok.ua/ua/whey-core/,1575.0,,False,,2026-09-23 08:47
53467,Ultra Premium Whey Protein Build - 34 г,Everbuild Nutrition,https://belok.ua/ua/ultra-premium-whey-protein-build/,55.0,,False,,2026-09-23 08:47
52532,ZeroPro Protein - 1 кг,Amix,https://belok.ua/ua/zeropro-protein-1000-g-creamy-vanilla-cheescake-1/,2595.0,,False,,2026-09-23 08:47
50043,"Syntha-6 - 2,27 кг",BSN,https://belok.ua/ua/bsn-syntha-6/,3985.0,,False,,2026-09-23 08:47
52533,ZeroPro Protein - 2 кг,Amix,https://belok.ua/ua/zeropro-protein-1000-g-creamy-vanilla-cheescake-1/,4999.0,,False,,2026-09-23 08:47
52993,Whey 100% Protein - 1 кг,Sporter,https://belok.ua/ua/whey-100-protein-1-kg-polunicya-1/,1658.0,,False,,2026-09-23 08:47
52994,Whey 100% Protein (lactose free) - 1 кг,Sporter,https://belok.ua/ua/whey-100-protein-1-kg-vanil-lactose-free-1/,1699.0,,False,,2026-09-23 08:47
50337,100% Gold Standard Casein - 850 грам,Optimum Nutrition,https://belok.ua/ua/optimum-nutrition-100-gold-standard-casein/,2099.0,,False,,2026-09-23 08:47
52984,Iso Whey ProZero - 2250 г,Nutrend,https://belok.ua/ua/iso-whey-prozero-2250-g-bilij-shokolad-1/,4359.0,,False,,2026-09-23 08:47
52108,100% Whey Protein - 500 г,IronMaxx,https://belok.ua/ua/100-whey-protein-2350-gr-banka-francuzskaya-vanil-1/,1097.0,,False,Хіт продажу,2026-09-23 08:47
52531,ZeroPro Protein - 35 г,Amix,https://belok.ua/ua/zeropro-protein-1000-g-creamy-vanilla-cheescake-1/,110.0,,False,,2026-09-23 08:47
53596,Whey Isolate - 480 г,Rule 1,https://belok.ua/ua/protein-480-g-shokolad-1/,1449.0,,False,,2026-09-23 08:47
50338,"100% Gold Standard Casein - 1,8 кг",Optimum Nutrition,https://belok.ua/ua/optimum-nutrition-100-gold-standard-casein/,3698.0,,False,,2026-09-23 08:47
53836,100% Whey Protein - 700 г,Ostrovit,https://belok.ua/ua/100-whey-protein/,999.0,,False,,2026-09-23 08:47
50042,"Syntha-6 - 1,32 кг",BSN,https://belok.ua/ua/bsn-syntha-6/,2448.0,,False,,2026-09-23 08:47
52757,AmixPro Micelle HD Casein - 700 г,Amix,https://belok.ua/ua/amixpro-micelle-hd-casein-700-g-2/,1199.0,,False,,2026-09-23 08:47
53778,Whey Core - 32 г,Nutrend,https://belok.ua/ua/whey-core/,78.0,,False,,2026-09-23 08:47
53489,Whey Protein Build 2.0 - 2270 г,Everbuild Nutrition,https://belok.ua/ua/whey-protein-build-20-2270-g-solona-karamel/,2657.0,,False,,2026-09-23 08:47
53445,Ultra Hydrolezed ISO Build - 454 г,Everbuild Nutrition,https://belok.ua/ua/iso-build-protein-isolate-28-g-pechivokrem/,999.0,,False,,2026-09-23 08:47
53468,Ultra Premium Whey Protein Build - 2271 г,Everbuild Nutrition,https://belok.ua/ua/ultra-premium-whey-protein-build/,2658.0,,False,Хіт продажу,2026-09-23 08:47
53378,Micellar Casein Build - 1816 г,Everbuild Nutrition,https://belok.ua/ua/micellar-casein-build-1816-g-shokolad-1/,2335.0,,False,,2026-09-23 08:47
53470,Ultra Premium Whey Protein Build - 454 г,Everbuild Nutrition,https://belok.ua/ua/ultra-premium-whey-protein-build/,788.0,,False,,2026-09-23 08:47
53442,Ultra Hydrolezed ISO Build - 28 г,Everbuild Nutrition,https://belok.ua/ua/iso-build-protein-isolate-28-g-pechivokrem/,67.0,,False,,2026-09-23 08:47
53488,Whey Protein Build 2.0 - 1000 г,Everbuild Nutrition,https://belok.ua/ua/whey-protein-build-20-2270-g-solona-karamel/,1245.0,,False,,2026-09-23 08:47
53444,Ultra Hydrolezed ISO Build - 908 г,Everbuild Nutrition,https://belok.ua/ua/iso-build-protein-isolate-28-g-pechivokrem/,1799.0,,False,Хіт продажу,2026-09-23 08:47
53469,Ultra Premium Whey Protein Build - 908 г,Everbuild Nutrition,https://belok.ua/ua/ultra-premium-whey-protein-build/,1377.0,,False,Хіт продажу,2026-09-23 08:47
53380,Micellar Casein Build - 908 г,Everbuild Nutrition,https://belok.ua/ua/micellar-casein-build-1816-g-shokolad-1/,1245.0,,False,,2026-09-23 08:47
37732,Пробник Protein - Ваніль,Rule 1,https://belok.ua/ua/probnik-protein-vanil/,115.0,,True,В наявності,2026-09-23 08:47
52506,Amix Gold Whey Protein Isolate - 2280 г,Amix,https://belok.ua/ua/gold-whey-protein-isolate-2280-g-banana-1/,5999.0,,True,В наявності,2026-09-23 08:47
39681,Protein Shot - 60 мл - апельсин,Nutrend,https://belok.ua/ua/protein-shot-60-ml-120-apelsin/,95.0,,True,В наявності,2026-09-23 08:47
52749,IsoPrime CFM - 1 кг,Amix,https://belok.ua/ua/isoprime-cfm-500g-cookies-cream-1/,2997.0,,True,В наявності,2026-09-23 08:47
53487,Whey Protein Build 2.0 - 500 г,Everbuild Nutrition,https://belok.ua/ua/whey-protein-build-20-2270-g-solona-karamel/,759.0,,False,,2026-09-23 08:47
53443,Ultra Hydrolezed ISO Build - 2270 г,Everbuild Nutrition,https://belok.ua/ua/iso-build-protein-isolate-28-g-pechivokrem/,4099.0,,False,Хіт продажу,2026-09-23 08:47
